Module Name,Type,Script File Path,API/Model/Fucntion Name,Description,Active /Inactive,Changes Frequency,Video URL / timestamps,Notes
all_requests,Module Itself,,all_requests,"Endpoint: /api/v1/all_requests/new_fpo; Handler: views.CreateFpoRequest.as_view(); Methods: POST Technical details: extends APIView. implements POST handlers. authentication: [CustomTokenAuthentication]. permissions: [IsAuthenticated]. references models.Requests. reads request.data, request.user. creates model records. explicit conditions include: request.data == None; isinstance(body_data, str); not validation.is_valid(). implementation: all_requests/views.py.",Inactive,never,,
,API,all_requests/urls.py,new_fpo,"Endpoint: /api/v1/all_requests/farmer_to_fpo; Handler: views.CreateFarmerToFpoRequest.as_view(); Methods: POST Technical details: extends APIView. implements POST handlers. authentication: [CustomTokenAuthentication]. permissions: [IsAuthenticated]. references models.Requests. reads request.data, request.user. creates model records; retrieves model records. explicit conditions include: request.data == None; isinstance(body_data, str); not validation.is_valid(). implementation: all_requests/views.py.",Inactive,never,,
,API,all_requests/urls.py,farmer_to_fpo,"Endpoint: /api/v1/all_requests/list; Handler: views.RequestsList.as_view(); Methods: POST Technical details: extends APIView. implements POST handlers. authentication: [CustomTokenAuthentication]. permissions: [IsAuthenticated]. references models.Requests. reads request.data. filters querysets. explicit conditions include: request.data == None; isinstance(body_data, str); not validation.is_valid(); len(data.data) == 0. implementation: all_requests/views.py.",Inactive,never,,
,API,all_requests/urls.py,list,"Endpoint: /api/v1/all_requests/update; Handler: views.RequestsUpdate.as_view(); Methods: POST Technical details: extends APIView. implements POST handlers. authentication: [CustomTokenAuthentication]. permissions: [IsAuthenticated]. references models.Requests. reads request.data. retrieves model records; saves model instances. explicit conditions include: request.data == None; isinstance(body_data, str); not validation.is_valid(); new_request.type == 'Farmer to FPO Request' and body_data['status'] == 1. implementation: all_requests/views.py.",Inactive,never,,
,API,all_requests/urls.py,update,,Inactive,never,,
app_farm,Module Itself,,app_farm,,Active,medium,,
,API,app_farm/urls.py,signup/,Endpoint: /api/signup/; Handler: views.SignUp.as_view(); Methods: POST Technical details: extends generics.CreateAPIView. uses serializer: serializers.signuperializer. declares queryset: models.user.objects.all(...). references models.user. implementation: app_farm/views.py.,Inactive,never,,
,API,app_farm/urls.py,addinquiry/,Endpoint: /api/addinquiry/; Handler: views.AddInquiry.as_view(); Methods: POST Technical details: extends generics.CreateAPIView. uses serializer: serializers.aryadhan_inquirySerializer. declares queryset: models.aryadhan_inquiry.objects.all(...). references models.aryadhan_inquiry. implementation: app_farm/views.py.,Inactive,never,,
,API,app_farm/urls.py,addofferinquiry/,Endpoint: /api/addofferinquiry/; Handler: views.AddOfferInquiry.as_view(); Methods: POST Technical details: extends generics.CreateAPIView. uses serializer: serializers.offer_inquirySerializer. declares queryset: models.offer_inquiry.objects.all(...). references models.offer_inquiry. implementation: app_farm/views.py.,Inactive,never,,
,API,app_farm/urls.py,notification/,"Endpoint: /api/notification/; Handler: views.notification_view.as_view(); Methods: GET Technical details: extends APIView. implements GET handlers. references models.notification, models.tb_application_access. reads request.GET. filters querysets. invokes serializer classes or serializer validation. returns a DRF/Django response. explicit conditions include: len(serializer1.data) != 0; len(serializer.data) != 0; len(serializer.data) == 0. implementation: app_farm/views.py.",Inactive,never,,"Business Logic: This API is used to send or manage user notifications/messages. Data flow: applies queryset/filtering rules, uses serializer validation/serialization, reads query parameters. Key business/validation rules documented in the KT: len(serializer1.data) != 0; len(serializer.data) != 0; len(serializer.data) == 0. Implementation: app_farm/views.py. Status note: This endpoint is not present in the supplied live API inventory, so it is marked Inactive for KT purposes."
,API,app_farm/urls.py,order_list/,"Endpoint: /api/order_list/; Handler: views.order_view.as_view(); Methods: GET Technical details: extends APIView. implements GET handlers. references models.order, models.tb_application_access. reads request.GET. filters querysets. invokes serializer classes or serializer validation. returns a DRF/Django response. explicit conditions include: len(serializer1.data) != 0; len(serializer.data) != 0; len(serializer.data) == 0. implementation: app_farm/views.py.",Inactive,never,,"Business Logic: This API is used to retrieve the relevant application data for the requesting user or administrative workflow. Data flow: applies queryset/filtering rules, uses serializer validation/serialization, reads query parameters. Key business/validation rules documented in the KT: len(serializer1.data) != 0; len(serializer.data) != 0; len(serializer.data) == 0. Implementation: app_farm/views.py. Status note: This endpoint is not present in the supplied live API inventory, so it is marked Inactive for KT purposes."
,API,app_farm/urls.py,order_list_agent/,"Endpoint: /api/order_list_agent/; Handler: views.order_view_agent.as_view(); Methods: GET Technical details: extends APIView. implements GET handlers. references models.agents, models.order, models.user. reads request.GET. filters querysets. invokes serializer classes or serializer validation. returns a DRF/Django response. explicit conditions include: len(serializer1.data) != 0; len(serializer.data) != 0; len(serializer.data) == 0. implementation: app_farm/views.py.",Inactive,never,,"Business Logic: This API is used to retrieve the relevant application data for the requesting user or administrative workflow. Data flow: applies queryset/filtering rules, uses serializer validation/serialization, reads query parameters. Key business/validation rules documented in the KT: len(serializer1.data) != 0; len(serializer.data) != 0; len(serializer.data) == 0. Implementation: app_farm/views.py. Status note: This endpoint is not present in the supplied live API inventory, so it is marked Inactive for KT purposes."
,API,app_farm/urls.py,order_details/,"Endpoint: /api/order_details/; Handler: views.order_details.as_view(); Methods: GET Technical details: extends APIView. implements GET handlers. references models.order_details, models.tb_application_access. reads request.GET. filters querysets. invokes serializer classes or serializer validation. returns a DRF/Django response. explicit conditions include: len(serializer1.data) != 0; len(serializer.data) != 0; len(serializer.data) == 0. implementation: app_farm/views.py.",Inactive,never,,"Business Logic: This API is used to retrieve the relevant application data for the requesting user or administrative workflow. Data flow: applies queryset/filtering rules, uses serializer validation/serialization, reads query parameters. Key business/validation rules documented in the KT: len(serializer1.data) != 0; len(serializer.data) != 0; len(serializer.data) == 0. Implementation: app_farm/views.py. Status note: This endpoint is not present in the supplied live API inventory, so it is marked Inactive for KT purposes."
,API,app_farm/urls.py,crop_list/,"Endpoint: /api/crop_list/; Handler: views.crop_list.as_view(); Methods: GET Technical details: extends APIView. implements GET handlers. references models.crop_master, models.tb_application_access. reads request.GET. filters querysets. invokes serializer classes or serializer validation. returns a DRF/Django response. explicit conditions include: len(serializer1.data) != 0; len(serializer.data) != 0; len(serializer.data) == 0. implementation: app_farm/views.py.",Active,low,,Finds list of crops in crop_master model and shares the list
,API,app_farm/urls.py,crop_list_org/,"Endpoint: /api/crop_list_org/; Handler: views.crop_list_org.as_view(); Methods: GET Technical details: extends APIView. implements GET handlers. references models.organizations, models.tb_application_access. reads request.GET. filters querysets. invokes serializer classes or serializer validation. returns a DRF/Django response. explicit conditions include: len(serializer1.data) != 0; len(serializer.data) != 0; len(serializer.data) == 0. implementation: app_farm/views.py.",Inactive,never,,"Business Logic: This API is used to retrieve crop/variety master data used by farm and crop workflows. Data flow: applies queryset/filtering rules, uses serializer validation/serialization, reads query parameters. Key business/validation rules documented in the KT: len(serializer1.data) != 0; len(serializer.data) != 0; len(serializer.data) == 0. Implementation: app_farm/views.py. Status note: This endpoint is not present in the supplied live API inventory, so it is marked Inactive for KT purposes."
,API,app_farm/urls.py,variety_list/,"Endpoint: /api/variety_list/; Handler: views.variety_list.as_view(); Methods: GET Technical details: extends APIView. implements GET handlers. references models.crop_variety_master, models.tb_application_access. reads request.GET. filters querysets. invokes serializer classes or serializer validation. returns a DRF/Django response. explicit conditions include: len(serializer1.data) != 0; len(serializer.data) != 0; len(serializer.data) == 0. implementation: app_farm/views.py.",Inactive,never,,"Business Logic: This API is used to retrieve crop/variety master data used by farm and crop workflows. Data flow: applies queryset/filtering rules, uses serializer validation/serialization, reads query parameters. Key business/validation rules documented in the KT: len(serializer1.data) != 0; len(serializer.data) != 0; len(serializer.data) == 0. Implementation: app_farm/views.py. Status note: This endpoint is not present in the supplied live API inventory, so it is marked Inactive for KT purposes."
,API,app_farm/urls.py,existinguser/,"Endpoint: /api/existinguser/; Handler: views.existing_user.as_view(); Methods: GET Technical details: extends APIView. implements GET handlers. references models.tb_application_access, models.user. reads request.GET. filters querysets. invokes serializer classes or serializer validation. returns a DRF/Django response. explicit conditions include: len(serializer1.data) != 0; len(serializer.data) != 0; len(serializer.data) == 0. implementation: app_farm/views.py.",Inactive,never,,"Business Logic: This API is used to support the corresponding application workflow described by the endpoint name and implementation. Data flow: applies queryset/filtering rules, uses serializer validation/serialization, reads query parameters. Key business/validation rules documented in the KT: len(serializer1.data) != 0; len(serializer.data) != 0; len(serializer.data) == 0. Implementation: app_farm/views.py. Status note: This endpoint is not present in the supplied live API inventory, so it is marked Inactive for KT purposes."
,API,app_farm/urls.py,addfarm/,"Endpoint: /api/addfarm/; Handler: views.add_farmer.as_view(); Methods: POST Technical details: extends APIView. implements POST handlers. authentication: [CustomTokenAuthentication]. permissions: [IsAuthenticated]. references models.user. reads request.data, request.user. creates model records; retrieves model records; uses an atomic transaction. returns a DRF/Django response. explicit conditions include: request.data.get('data') == None; type(body_data) == str; validation.is_valid(); body_data.get('survey_id'); body_data['country_id'] != settings.IDS_COUNTRY_INDIA. implementation: app_farm/views.py.",Active,medium,,"Adds a farm using both normal and survey-based creation flows. It delegates farm and farmer creation to the shared farm helper, validates the request body, resolves address/pincode data from coordinates when needed, checks the configured latitude/longitude radius, and persists related records in a transaction. It also applies country-specific handling for non-India requests."
,API,app_farm/urls.py,mobile/,"Endpoint: /api/mobile/; Handler: views.mobile_view.as_view(); Methods: GET Technical details: extends APIView. implements GET handlers. references models.tb_application_access, models.user. reads request.GET. filters querysets. invokes serializer classes or serializer validation. returns a DRF/Django response. explicit conditions include: len(serializer1.data) != 0; len(s1.data) != 0; len(s1.data) == 0. implementation: app_farm/views.py.",Inactive,,,"Business Logic: This API is used to support the corresponding application workflow described by the endpoint name and implementation. Data flow: applies queryset/filtering rules, uses serializer validation/serialization, reads query parameters. Key business/validation rules documented in the KT: len(serializer1.data) != 0; len(s1.data) != 0; len(s1.data) == 0. Implementation: app_farm/views.py. Status note: This endpoint is not present in the supplied live API inventory, so it is marked Inactive for KT purposes."
,API,app_farm/urls.py,addmachine/,Endpoint: /api/addmachine/; Handler: views.AddMachine.as_view(); Methods: POST Technical details: extends generics.CreateAPIView. uses serializer: serializers.machineSerializer. implementation: app_farm/views.py.,Inactive,,,"Business Logic: This API is used to retrieve or manage agricultural input/product catalog or farmer requests. Implementation: app_farm/views.py. Status note: This endpoint is not present in the supplied live API inventory, so it is marked Inactive for KT purposes."
,API,app_farm/urls.py,farm_list/,"Endpoint: /api/farm_list/; Handler: views.farm_list.as_view(); Methods: GET Technical details: extends APIView. implements GET handlers. references models.farm, models.tb_application_access. reads request.GET. filters querysets. invokes serializer classes or serializer validation. returns a DRF/Django response. explicit conditions include: search_by_user_name is not None; search_by_name is not None; stressed is not None; healthy is not None; state1 is not None. implementation: app_farm/views.py.",Inactive,,,"Handles GET requests: retrieves and filters records; uses farm, tb_application_access data; validates and serializes request or response data; reads request.GET; branches on conditions such as search_by_user_name is not None; search_by_name is not None; stressed is not None; healthy is not None."
,API,app_farm/urls.py,farm_list_admin/,"Endpoint: /api/farm_list_admin/; Handler: views.farm_list_admin.as_view(); Methods: GET Technical details: extends APIView. implements GET handlers. references models.farm, models.tb_application_access. reads request.GET. filters querysets. invokes serializer classes or serializer validation. returns a DRF/Django response. explicit conditions include: search_by_name is not None; search_by_user_name is not None; stressed is not None; healthy is not None; state1 is not None. implementation: app_farm/views.py.",Active,,,Shows farms list to admin according to his org without pagination
,API,app_farm/urls.py,farm_list_featured/,"Endpoint: /api/farm_list_featured/; Handler: views.farm_list_featured.as_view(); Methods: GET Technical details: extends APIView. implements GET handlers. references models.farm, models.tb_application_access. reads request.GET. filters querysets. invokes serializer classes or serializer validation. returns a DRF/Django response. explicit conditions include: len(serializer1.data) != 0; len(serializer.data) != 0; len(serializer.data) == 0. implementation: app_farm/views.py.",Inactive,never,,"Shows featured farms on the home page, now we dont have that on frontend"
,API,app_farm/urls.py,addsellcrop/,Endpoint: /api/addsellcrop/; Handler: views.AddSellCrop.as_view(); Methods: POST Technical details: extends generics.CreateAPIView. uses serializer: serializers.sellcropaddSerializer. implementation: app_farm/views.py.,Active,never,,Business Logic: This API is used to manage farmer crop-selling records and related listings. Implementation: app_farm/views.py. Live API inventory reference: addSellCropURL.
,API,app_farm/urls.py,sellcrop_list/,"Endpoint: /api/sellcrop_list/; Handler: views.sellcrop_list.as_view(); Methods: GET Technical details: extends APIView. implements GET handlers. references models.sell_crop, models.tb_application_access. reads request.GET. filters querysets. invokes serializer classes or serializer validation. returns a DRF/Django response. explicit conditions include: len(serializer1.data) != 0; len(serializer.data) != 0; len(serializer.data) == 0. implementation: app_farm/views.py.",Active,never,,"Business Logic: This API is used to manage farmer crop-selling records and related listings. Data flow: applies queryset/filtering rules, uses serializer validation/serialization, reads query parameters. Key business/validation rules documented in the KT: len(serializer1.data) != 0; len(serializer.data) != 0; len(serializer.data) == 0. Implementation: app_farm/views.py. Live API inventory reference: userSellListURL."
,API,app_farm/urls.py,sellcrop_admin_list/,"Endpoint: /api/sellcrop_admin_list/; Handler: views.sellcrop_admin_list.as_view(); Methods: GET Technical details: extends APIView. implements GET handlers. references models.sell_crop, models.tb_application_access. reads request.GET. filters querysets. invokes serializer classes or serializer validation. returns a DRF/Django response. explicit conditions include: len(serializer1.data) != 0; len(serializer.data) != 0; len(serializer.data) == 0. implementation: app_farm/views.py.",Active,never,,"Business Logic: This API is used to manage farmer crop-selling records and related listings. Data flow: applies queryset/filtering rules, uses serializer validation/serialization, reads query parameters. Key business/validation rules documented in the KT: len(serializer1.data) != 0; len(serializer.data) != 0; len(serializer.data) == 0. Implementation: app_farm/views.py. Live API inventory reference: adminSellListURL."
,API,app_farm/urls.py,offers_list/,"Endpoint: /api/offers_list/; Handler: views.offers_list.as_view(); Methods: GET Technical details: extends APIView. implements GET handlers. references models.offers, models.tb_application_access. reads request.GET. filters querysets. invokes serializer classes or serializer validation. returns a DRF/Django response. explicit conditions include: len(serializer1.data) != 0; len(serializer.data) != 0; len(serializer.data) == 0. implementation: app_farm/views.py.",Active,never,,"Business Logic: This API is used to retrieve marketplace offers/details or submit an offer/redemption request. Data flow: applies queryset/filtering rules, uses serializer validation/serialization, reads query parameters. Key business/validation rules documented in the KT: len(serializer1.data) != 0; len(serializer.data) != 0; len(serializer.data) == 0. Implementation: app_farm/views.py. Live API inventory reference: offerListURL."
,API,app_farm/urls.py,offer_details/,"Endpoint: /api/offer_details/; Handler: views.offer_details.as_view(); Methods: GET Technical details: extends APIView. implements GET handlers. references models.offers, models.tb_application_access. reads request.GET. filters querysets. invokes serializer classes or serializer validation. returns a DRF/Django response. explicit conditions include: len(serializer1.data) != 0; len(serializer.data) != 0; len(serializer.data) == 0. implementation: app_farm/views.py.",Active,never,,"Business Logic: This API is used to retrieve marketplace offers/details or submit an offer/redemption request. Data flow: applies queryset/filtering rules, uses serializer validation/serialization, reads query parameters. Key business/validation rules documented in the KT: len(serializer1.data) != 0; len(serializer.data) != 0; len(serializer.data) == 0. Implementation: app_farm/views.py. Live API inventory reference: offerDetailsListURL."
,API,app_farm/urls.py,training_list/,"Endpoint: /api/training_list/; Handler: views.training_list.as_view(); Methods: GET Technical details: extends APIView. implements GET handlers. references models.tb_application_access, models.training. reads request.GET. filters querysets. invokes serializer classes or serializer validation. returns a DRF/Django response. explicit conditions include: len(serializer1.data) != 0; len(serializer.data) != 0; len(serializer.data) == 0. implementation: app_farm/views.py.",Active,never,,"Business Logic: This API is used to retrieve or manage farmer training/advisory content and execution. Data flow: applies queryset/filtering rules, uses serializer validation/serialization, reads query parameters. Key business/validation rules documented in the KT: len(serializer1.data) != 0; len(serializer.data) != 0; len(serializer.data) == 0. Implementation: app_farm/views.py. Live API inventory reference: advisoryListURL."
,API,app_farm/urls.py,training_details/,"Endpoint: /api/training_details/; Handler: views.training_details.as_view(); Methods: GET Technical details: extends APIView. implements GET handlers. references models.tb_application_access, models.training. reads request.GET. filters querysets. invokes serializer classes or serializer validation. returns a DRF/Django response. explicit conditions include: len(serializer1.data) != 0; len(serializer.data) != 0; len(serializer.data) == 0. implementation: app_farm/views.py.",Inactive,never,,"Business Logic: This API is used to retrieve or manage farmer training/advisory content and execution. Data flow: applies queryset/filtering rules, uses serializer validation/serialization, reads query parameters. Key business/validation rules documented in the KT: len(serializer1.data) != 0; len(serializer.data) != 0; len(serializer.data) == 0. Implementation: app_farm/views.py. Status note: This endpoint is not present in the supplied live API inventory, so it is marked Inactive for KT purposes."
,API,app_farm/urls.py,product_list/,"Endpoint: /api/product_list/; Handler: views.product_list.as_view(); Methods: GET Technical details: extends APIView. implements GET handlers. references models.product_master, models.tb_application_access. reads request.GET. filters querysets. invokes serializer classes or serializer validation. returns a DRF/Django response. explicit conditions include: len(serializer1.data) != 0; page_number1 == 1; len(serializer.data) != 0; len(serializer.data) == 0. implementation: app_farm/views.py.",Inactive,never,,"Business Logic: This API is used to retrieve or manage agricultural input/product catalog or farmer requests. Data flow: applies queryset/filtering rules, uses serializer validation/serialization, reads query parameters. Key business/validation rules documented in the KT: len(serializer1.data) != 0; page_number1 == 1; len(serializer.data) != 0; len(serializer.data) == 0. Implementation: app_farm/views.py. Status note: This endpoint is not present in the supplied live API inventory, so it is marked Inactive for KT purposes."
,API,app_farm/urls.py,delete_product_list/,"Endpoint: /api/delete_product_list/; Handler: views.delete_product_list.as_view(); Methods: GET Technical details: extends APIView. implements GET handlers. references models.input_catalogue, models.tb_application_access. reads request.GET. filters querysets. invokes serializer classes or serializer validation. returns a DRF/Django response. explicit conditions include: len(serializer1.data) != 0. implementation: app_farm/views.py.",Active,never,,"Business Logic: This API is used to retrieve or manage agricultural input/product catalog or farmer requests. Data flow: applies queryset/filtering rules, uses serializer validation/serialization, reads query parameters. Key business/validation rules documented in the KT: len(serializer1.data) != 0. Implementation: app_farm/views.py. Live API inventory reference: deleteProductListURL."
,API,app_farm/urls.py,popular_product_list/,"Endpoint: /api/popular_product_list/; Handler: views.popular_product_list.as_view(); Methods: GET Technical details: extends APIView. implements GET handlers. references models.product_master, models.tb_application_access. reads request.GET. filters querysets. invokes serializer classes or serializer validation. returns a DRF/Django response. explicit conditions include: len(serializer1.data) != 0; len(serializer.data) != 0; len(serializer.data) == 0. implementation: app_farm/views.py.",Inactive,never,,"Business Logic: This API is used to manage or retrieve Package of Practice (POP) information for farm/crop activity planning. Data flow: applies queryset/filtering rules, uses serializer validation/serialization, reads query parameters. Key business/validation rules documented in the KT: len(serializer1.data) != 0; len(serializer.data) != 0; len(serializer.data) == 0. Implementation: app_farm/views.py. Status note: This endpoint is not present in the supplied live API inventory, so it is marked Inactive for KT purposes."
,API,app_farm/urls.py,product_details/,"Endpoint: /api/product_details/; Handler: views.product_details.as_view(); Methods: GET Technical details: extends APIView. implements GET handlers. references models.product_variants, models.tb_application_access. reads request.GET. filters querysets. invokes serializer classes or serializer validation. returns a DRF/Django response. explicit conditions include: len(serializer1.data) != 0; len(serializer.data) != 0; len(serializer.data) == 0. implementation: app_farm/views.py.",Inactive,never,,"Business Logic: This API is used to retrieve or manage agricultural input/product catalog or farmer requests. Data flow: applies queryset/filtering rules, uses serializer validation/serialization, reads query parameters. Key business/validation rules documented in the KT: len(serializer1.data) != 0; len(serializer.data) != 0; len(serializer.data) == 0. Implementation: app_farm/views.py. Status note: This endpoint is not present in the supplied live API inventory, so it is marked Inactive for KT purposes."
,API,app_farm/urls.py,add_deliveryaddress/,Endpoint: /api/add_deliveryaddress/; Handler: views.AddDeliveryAddress.as_view(); Methods: POST Technical details: extends generics.CreateAPIView. uses serializer: serializers.adddeliveryaddress. implementation: app_farm/views.py.,Inactive,never,,"Business Logic: This API is used to create/store the relevant application record after validation. Implementation: app_farm/views.py. Status note: This endpoint is not present in the supplied live API inventory, so it is marked Inactive for KT purposes."
,API,app_farm/urls.py,addresslist/,"Endpoint: /api/addresslist/; Handler: views.address_list.as_view(); Methods: GET Technical details: extends APIView. implements GET handlers. references models.delivery_address, models.tb_application_access. reads request.GET. filters querysets. invokes serializer classes or serializer validation. returns a DRF/Django response. explicit conditions include: len(serializer1.data) != 0; len(serializer.data) != 0; len(serializer.data) == 0. implementation: app_farm/views.py.",Inactive,,,"Business Logic: This API is used to create/store the relevant application record after validation. Data flow: applies queryset/filtering rules, uses serializer validation/serialization, reads query parameters. Key business/validation rules documented in the KT: len(serializer1.data) != 0; len(serializer.data) != 0; len(serializer.data) == 0. Implementation: app_farm/views.py. Status note: This endpoint is not present in the supplied live API inventory, so it is marked Inactive for KT purposes."
,API,app_farm/urls.py,delete_address/,"Endpoint: /api/delete_address/; Handler: views.delete_address.as_view(); Methods: GET Technical details: extends APIView. implements GET handlers. references models.delivery_address, models.tb_application_access. reads request.GET. filters querysets. invokes serializer classes or serializer validation. returns a DRF/Django response. explicit conditions include: len(serializer1.data) != 0; qs[0] != 0. implementation: app_farm/views.py.",Inactive,never,,"Business Logic: This API is used to delete the relevant application record after applying the endpoint's authorization and validation rules. Data flow: applies queryset/filtering rules, uses serializer validation/serialization, reads query parameters. Key business/validation rules documented in the KT: len(serializer1.data) != 0; qs[0] != 0. Implementation: app_farm/views.py. Status note: This endpoint is not present in the supplied live API inventory, so it is marked Inactive for KT purposes."
,API,app_farm/urls.py,news_list/,"Endpoint: /api/news_list/; Handler: views.news_list.as_view(); Methods: GET Technical details: extends APIView. implements GET handlers. references models.news, models.tb_application_access. reads request.GET. filters querysets. invokes serializer classes or serializer validation. returns a DRF/Django response. explicit conditions include: len(serializer1.data) != 0; last_updated_time is not None and last_updated_time != 0; ts > last_updated_time; dt is None. implementation: app_farm/views.py.",Inactive,never,,"Business Logic: This API is used to retrieve application news/content. Data flow: applies queryset/filtering rules, uses serializer validation/serialization, reads query parameters. Key business/validation rules documented in the KT: len(serializer1.data) != 0; last_updated_time is not None and last_updated_time != 0; ts > last_updated_time; dt is None. Implementation: app_farm/views.py. Status note: This endpoint is not present in the supplied live API inventory, so it is marked Inactive for KT purposes."
,API,app_farm/urls.py,myplot_list/,"Endpoint: /api/myplot_list/; Handler: views.myplot_view.as_view(); Methods: GET Technical details: extends APIView. implements GET handlers. references models.farm, models.tb_application_access. reads request.GET. filters querysets. invokes serializer classes or serializer validation. returns a DRF/Django response. explicit conditions include: len(serializer1.data) != 0; len(serializer.data) != 0; len(serializer.data) == 0. implementation: app_farm/views.py.",Inactive,never,,"Handles GET requests: retrieves and filters records; uses farm, tb_application_access data; validates and serializes request or response data; reads request.GET; branches on conditions such as len(serializer1.data) != 0; len(serializer.data) != 0; len(serializer.data) == 0."
,API,app_farm/urls.py,news_details/,"Endpoint: /api/news_details/; Handler: views.news_details.as_view(); Methods: GET Technical details: extends APIView. implements GET handlers. references models.news, models.tb_application_access. reads request.GET. filters querysets. invokes serializer classes or serializer validation. returns a DRF/Django response. explicit conditions include: len(serializer1.data) != 0; len(serializer.data) != 0; len(serializer.data) == 0. implementation: app_farm/views.py.",Inactive,never,,"Business Logic: This API is used to retrieve application news/content. Data flow: applies queryset/filtering rules, uses serializer validation/serialization, reads query parameters. Key business/validation rules documented in the KT: len(serializer1.data) != 0; len(serializer.data) != 0; len(serializer.data) == 0. Implementation: app_farm/views.py. Status note: This endpoint is not present in the supplied live API inventory, so it is marked Inactive for KT purposes."
,API,app_farm/urls.py,tracking/,"Endpoint: /api/tracking/; Handler: views.tracking_view.as_view(); Methods: GET Technical details: extends APIView. implements GET handlers. references models.tb_application_access, models.tracking. reads request.GET. filters querysets. invokes serializer classes or serializer validation. returns a DRF/Django response. explicit conditions include: len(serializer1.data) != 0; len(serializer.data) != 0; len(serializer.data) == 0. implementation: app_farm/views.py.",Inactive,never,,"Business Logic: This API is used to record or retrieve application/device tracking information. Data flow: applies queryset/filtering rules, uses serializer validation/serialization, reads query parameters. Key business/validation rules documented in the KT: len(serializer1.data) != 0; len(serializer.data) != 0; len(serializer.data) == 0. Implementation: app_farm/views.py. Status note: This endpoint is not present in the supplied live API inventory, so it is marked Inactive for KT purposes."
,API,app_farm/urls.py,addorder/,Endpoint: /api/addorder/; Handler: views.AddOrder.as_view(); Methods: POST Technical details: extends generics.CreateAPIView. uses serializer: serializers.addorderlistSerializer. implementation: app_farm/views.py.,Inactive,never,,"Business Logic: This API is used to create/store the relevant application record after validation. Implementation: app_farm/views.py. Status note: This endpoint is not present in the supplied live API inventory, so it is marked Inactive for KT purposes."
,API,app_farm/urls.py,addseed/,Endpoint: /api/addseed/; Handler: views.AddSeed.as_view(); Methods: POST Technical details: extends generics.CreateAPIView. uses serializer: serializers.seedSerializer. implementation: app_farm/views.py.,Active,never,,Business Logic: This API is used to retrieve or manage agricultural input/product catalog or farmer requests. Implementation: app_farm/views.py. Live API inventory reference: addSeedsURL.
,API,app_farm/urls.py,addchemical/,Endpoint: /api/addchemical/; Handler: views.AddChemical.as_view(); Methods: POST Technical details: extends generics.CreateAPIView. uses serializer: serializers.chemicalSerializer. implementation: app_farm/views.py.,Active,never,,Business Logic: This API is used to retrieve or manage agricultural input/product catalog or farmer requests. Implementation: app_farm/views.py. Live API inventory reference: addChemicalURL.
,API,app_farm/urls.py,addimplements/,Endpoint: /api/addimplements/; Handler: views.AddImplement.as_view(); Methods: POST Technical details: extends generics.CreateAPIView. uses serializer: serializers.implementSerializer. implementation: app_farm/views.py.,Inactive,never,,"Business Logic: This API is used to retrieve or manage agricultural input/product catalog or farmer requests. Implementation: app_farm/views.py. Status note: This endpoint is not present in the supplied live API inventory, so it is marked Inactive for KT purposes."
,API,app_farm/urls.py,addorderdetails/,Endpoint: /api/addorderdetails/; Handler: views.AddOrderDetails.as_view(); Methods: POST Technical details: extends generics.CreateAPIView. uses serializer: serializers.addorderdetailsSerializer. implementation: app_farm/views.py.,Inactive,never,,"Business Logic: This API is used to create/store the relevant application record after validation. Implementation: app_farm/views.py. Status note: This endpoint is not present in the supplied live API inventory, so it is marked Inactive for KT purposes."
,API,app_farm/urls.py,prod_variantlist/,"Endpoint: /api/prod_variantlist/; Handler: views.product_variant_list.as_view(); Methods: GET Technical details: extends APIView. implements GET handlers. references models.product_variants, models.tb_application_access. reads request.GET. filters querysets. invokes serializer classes or serializer validation. returns a DRF/Django response. explicit conditions include: len(serializer1.data) != 0; len(serializer.data) != 0; len(serializer.data) == 0. implementation: app_farm/views.py.",Inactive,never,,"Business Logic: This API is used to retrieve the relevant application data for the requesting user or administrative workflow. Data flow: applies queryset/filtering rules, uses serializer validation/serialization, reads query parameters. Key business/validation rules documented in the KT: len(serializer1.data) != 0; len(serializer.data) != 0; len(serializer.data) == 0. Implementation: app_farm/views.py. Status note: This endpoint is not present in the supplied live API inventory, so it is marked Inactive for KT purposes."
,API,app_farm/urls.py,carousellist/,"Endpoint: /api/carousellist/; Handler: views.carousel_list.as_view(); Methods: GET Technical details: extends APIView. implements GET handlers. references models.carousel, models.tb_application_access. reads request.GET. filters querysets. invokes serializer classes or serializer validation. returns a DRF/Django response. explicit conditions include: len(serializer1.data) != 0; len(serializer.data) != 0. implementation: app_farm/views.py.",Inactive,never,,"Business Logic: This API is used to manage farmer crop-selling records and related listings. Data flow: applies queryset/filtering rules, uses serializer validation/serialization, reads query parameters. Key business/validation rules documented in the KT: len(serializer1.data) != 0; len(serializer.data) != 0. Implementation: app_farm/views.py. Status note: This endpoint is not present in the supplied live API inventory, so it is marked Inactive for KT purposes."
,API,app_farm/urls.py,carousellistadmin/,"Endpoint: /api/carousellistadmin/; Handler: views.carousel_list_admin.as_view(); Methods: GET Technical details: extends APIView. implements GET handlers. references models.organizations, models.tb_application_access. reads request.GET. filters querysets. invokes serializer classes or serializer validation. returns a DRF/Django response. explicit conditions include: len(serializer1.data) != 0; len(serializer.data) != 0. implementation: app_farm/views.py.",Inactive,never,,"used to store carousel to show on app, no more needed as design has changed"
,API,app_farm/urls.py,getmachines/,"Endpoint: /api/getmachines/; Handler: views.get_machine_list.as_view(); Methods: GET Technical details: extends APIView. implements GET handlers. references models.machine_master, models.tb_application_access. reads request.GET. filters querysets. invokes serializer classes or serializer validation. returns a DRF/Django response. explicit conditions include: len(serializer1.data) != 0; len(serializer.data) != 0; len(serializer.data) == 0. implementation: app_farm/views.py.",Active,never,,"Business Logic: This API is used to retrieve or manage agricultural input/product catalog or farmer requests. Data flow: applies queryset/filtering rules, uses serializer validation/serialization, reads query parameters. Key business/validation rules documented in the KT: len(serializer1.data) != 0; len(serializer.data) != 0; len(serializer.data) == 0. Implementation: app_farm/views.py. Live API inventory reference: machineListURL."
,API,app_farm/urls.py,getimplements/,"Endpoint: /api/getimplements/; Handler: views.get_implement_list.as_view(); Methods: GET Technical details: extends APIView. implements GET handlers. references models.implement_master, models.tb_application_access. reads request.GET. filters querysets. invokes serializer classes or serializer validation. returns a DRF/Django response. explicit conditions include: len(serializer1.data) != 0; len(serializer.data) != 0; len(serializer.data) == 0. implementation: app_farm/views.py.",Active,never,,"Business Logic: This API is used to retrieve or manage agricultural input/product catalog or farmer requests. Data flow: applies queryset/filtering rules, uses serializer validation/serialization, reads query parameters. Key business/validation rules documented in the KT: len(serializer1.data) != 0; len(serializer.data) != 0; len(serializer.data) == 0. Implementation: app_farm/views.py. Live API inventory reference: implementListURL."
,API,app_farm/urls.py,hashtag_list/,"Endpoint: /api/hashtag_list/; Handler: views.hashtag_list.as_view(); Methods: GET Technical details: extends APIView. implements GET handlers. references models.hashtag_master, models.tb_application_access. reads request.GET. filters querysets. invokes serializer classes or serializer validation. returns a DRF/Django response. explicit conditions include: len(serializer1.data) != 0; len(serializer.data) != 0; len(serializer.data) == 0. implementation: app_farm/views.py.",Inactive,never,,"Business Logic: This API is used to manage community/social content, interactions, reports, or live-feed activity. Data flow: applies queryset/filtering rules, uses serializer validation/serialization, reads query parameters. Key business/validation rules documented in the KT: len(serializer1.data) != 0; len(serializer.data) != 0; len(serializer.data) == 0. Implementation: app_farm/views.py. Status note: This endpoint is not present in the supplied live API inventory, so it is marked Inactive for KT purposes."
,API,app_farm/urls.py,social_list/,"Endpoint: /api/social_list/; Handler: views.social_list.as_view(); Methods: GET Technical details: extends APIView. implements GET handlers. authentication: [CustomTokenAuthentication]. permissions: [IsAuthenticated]. references models.social_post, models.user, models.user_reporting. reads request.GET, request.user. filters querysets. invokes serializer classes or serializer validation. explicit conditions include: request.user.user_role.role_name != constants.SLUGS['USER_ROLES']['SPONSOR'] and (not org_id); request.user.user_role.role_name == constants.SLUGS['USER_ROLES']['SPONSOR']; len(serializer.data) == 0. implementation: app_farm/views.py.",Inactive,never,,"Used to be used to stop user from seeing blocked people , now separate api handles it"
,API,app_farm/urls.py,social_list_paginated/,"Endpoint: /api/social_list_paginated/; Handler: views.social_list_paginated.as_view(); Methods: GET Technical details: extends APIView, PageNumberPagination. implements GET handlers. authentication: [CustomTokenAuthentication]. permissions: [IsAuthenticated]. references models.social_post, models.user, models.user_reporting. reads request.GET, request.user. filters querysets; paginates results; returns paginated results. invokes serializer classes or serializer validation. explicit conditions include: request.user.user_role.role_name == constants.SLUGS['USER_ROLES']['SPONSOR']; tag; request.user.user_role.role_name != constants.SLUGS['USER_ROLES']['SPONSOR'] and (not org_id); page. implementation: app_farm/views.py.",Active,never,,This api handles blocked people for showing community post
,API,app_farm/urls.py,user_block_list/,"Endpoint: /api/user_block_list/; Handler: views.user_block_list.as_view(); Methods: GET Technical details: extends APIView. implements GET handlers. references models.tb_application_access, models.user_reporting. reads request.GET. filters querysets. invokes serializer classes or serializer validation. returns a DRF/Django response. explicit conditions include: len(serializer1.data) != 0; len(serializer.data) != 0; len(serializer.data) == 0. implementation: app_farm/views.py.",Active,never,,shows blocked users
,API,app_farm/urls.py,social_list_by_user/,"Endpoint: /api/social_list_by_user/; Handler: views.social_list_by_user.as_view(); Methods: GET Technical details: extends APIView. implements GET handlers. references models.social_post, models.tb_application_access. reads request.GET. filters querysets. invokes serializer classes or serializer validation. returns a DRF/Django response. explicit conditions include: len(serializer1.data) != 0; len(serializer.data) != 0; len(serializer.data) == 0. implementation: app_farm/views.py.",Inactive,never,,"Business Logic: This API is used to manage community/social content, interactions, reports, or live-feed activity. Data flow: applies queryset/filtering rules, uses serializer validation/serialization, reads query parameters. Key business/validation rules documented in the KT: len(serializer1.data) != 0; len(serializer.data) != 0; len(serializer.data) == 0. Implementation: app_farm/views.py. Status note: This endpoint is not present in the supplied live API inventory, so it is marked Inactive for KT purposes."
,API,app_farm/urls.py,social_list_by_user_paginated/,"Endpoint: /api/social_list_by_user_paginated/; Handler: views.social_list_user_paginated.as_view(); Methods: GET Technical details: extends APIView, PageNumberPagination. implements GET handlers. authentication: [CustomTokenAuthentication]. permissions: [IsAuthenticated]. references models.social_post. reads request.GET, request.user. filters querysets; paginates results; returns paginated results. invokes serializer classes or serializer validation. explicit conditions include: request.user.user_role.role_name == constants.SLUGS['USER_ROLES']['SPONSOR']; tag; len(serializer.data) == 0; page. implementation: app_farm/views.py.",Active,never,,"Business Logic: This API is used to manage community/social content, interactions, reports, or live-feed activity. Authentication: CustomTokenAuthentication. Authorization: IsAuthenticated. Data flow: applies queryset/filtering rules, supports paginated result retrieval, uses serializer validation/serialization, reads query parameters. Key business/validation rules documented in the KT: request.user.user_role.role_name == constants.SLUGS['USER_ROLES']['SPONSOR']; tag; len(serializer.data) == 0; page. Implementation: app_farm/views.py. Live API inventory reference: userLiveFeedURL."
,API,app_farm/urls.py,addsocialpost/,Endpoint: /api/addsocialpost/; Handler: views.AddSocialPost.as_view(); Methods: POST Technical details: extends generics.CreateAPIView. uses serializer: serializers.addsocialSerializer. declares queryset: models.social_post.objects.all(...). references models.social_post. implementation: app_farm/views.py.,Active,low,,"Business Logic: This API is used to manage community/social content, interactions, reports, or live-feed activity. Implementation: app_farm/views.py. Live API inventory reference: addPostURL."
,API,app_farm/urls.py,addagent/,Endpoint: /api/addagent/; Handler: views.AddAgent.as_view(); Methods: POST Technical details: extends generics.CreateAPIView. uses serializer: serializers.addagentSerializer. declares queryset: models.agents.objects.all(...). references models.agents. implementation: app_farm/views.py.,Inactive,never,,"Business Logic: This API is used to create/store the relevant application record after validation. Implementation: app_farm/views.py. Status note: This endpoint is not present in the supplied live API inventory, so it is marked Inactive for KT purposes."
,API,app_farm/urls.py,agents_summary/,"Endpoint: /api/agents_summary/; Handler: views.agents_summary.as_view(); Methods: GET Technical details: extends APIView. implements GET handlers. references models.agents, models.order, models.order_details, models.product_master, models.tb_application_access, models.user. reads request.GET. filters querysets. invokes serializer classes or serializer validation. returns a DRF/Django response. explicit conditions include: len(serializer2.data) != 0; len(serializer1.data) != 0; sales_amount is None. implementation: app_farm/views.py.",Inactive,never,,"Business Logic: This API is used to support the corresponding application workflow described by the endpoint name and implementation. Data flow: applies queryset/filtering rules, uses serializer validation/serialization, reads query parameters. Key business/validation rules documented in the KT: len(serializer2.data) != 0; len(serializer1.data) != 0; sales_amount is None. Implementation: app_farm/views.py. Status note: This endpoint is not present in the supplied live API inventory, so it is marked Inactive for KT purposes."
,API,app_farm/urls.py,agents_registration/,Endpoint: /api/agents_registration/; Handler: views.Agent_reg_email.as_view(); Methods: GET Technical details: extends APIView. implements GET handlers. reads request.GET. returns a DRF/Django response. implementation: app_farm/views.py.,Inactive,never,,"Business Logic: This API is used to support the corresponding application workflow described by the endpoint name and implementation. Data flow: reads query parameters. Implementation: app_farm/views.py. Status note: This endpoint is not present in the supplied live API inventory, so it is marked Inactive for KT purposes."
,API,app_farm/urls.py,otp-login/<phone>,Endpoint: /api/otp-login/<phone>; Handler: views.OTPLogin; Methods: declared by view Technical details: is a function-based handler. references models.OTPValidation. reads request.GET. creates model records. returns a DRF/Django response. explicit conditions include: validNumber(phone); phone == '+919191919191' or phone == '+919999999999'; response2. implementation: app_farm/views.py.,Inactive,never,,"Business Logic: This API is used to authenticate users or support account registration/OTP verification. Data flow: creates the required database records, reads query parameters. Key business/validation rules documented in the KT: validNumber(phone); phone == '+919191919191' or phone == '+919999999999'; response2. Implementation: app_farm/views.py. Status note: This endpoint is not present in the supplied live API inventory, so it is marked Inactive for KT purposes."
,API,app_farm/urls.py,otp-verify/<phone>/<otp>,Endpoint: /api/otp-verify/<phone>/<otp>; Handler: views.verifyOTPView.as_view(); Methods: POST Technical details: extends APIView. implements POST handlers. references models.OTPValidation. retrieves model records. returns a DRF/Django response. explicit conditions include: phone == '+919191919191' or phone == '+919999999999'; otp == '123456'; status == 'Success' and Details == 'OTP Matched'. implementation: app_farm/views.py.,Inactive,never,,"Business Logic: This API is used to authenticate users or support account registration/OTP verification. Data flow: retrieves existing records. Key business/validation rules documented in the KT: phone == '+919191919191' or phone == '+919999999999'; otp == '123456'; status == 'Success' and Details == 'OTP Matched'. Implementation: app_farm/views.py. Status note: This endpoint is not present in the supplied live API inventory, so it is marked Inactive for KT purposes."
,API,app_farm/urls.py,agent_summary_filter/,"Endpoint: /api/agent_summary_filter/; Handler: views.agent_summary_filter.as_view(); Methods: GET Technical details: extends APIView. implements GET handlers. references models.tb_application_access, models.user. reads request.GET. filters querysets. invokes serializer classes or serializer validation. returns a DRF/Django response. explicit conditions include: len(serializer1.data) != 0; len(serializer.data) != 0; len(serializer.data) == 0. implementation: app_farm/views.py.",Inactive,never,,"Business Logic: This API is used to support the corresponding application workflow described by the endpoint name and implementation. Data flow: applies queryset/filtering rules, uses serializer validation/serialization, reads query parameters. Key business/validation rules documented in the KT: len(serializer1.data) != 0; len(serializer.data) != 0; len(serializer.data) == 0. Implementation: app_farm/views.py. Status note: This endpoint is not present in the supplied live API inventory, so it is marked Inactive for KT purposes."
,API,app_farm/urls.py,order_detail_by_id/,"Endpoint: /api/order_detail_by_id/; Handler: views.order_details_by_id.as_view(); Methods: GET Technical details: extends APIView. implements GET handlers. references models.order_details, models.tb_application_access. reads request.GET. filters querysets. invokes serializer classes or serializer validation. returns a DRF/Django response. explicit conditions include: len(serializer1.data) != 0; len(serializer.data) != 0; len(serializer.data) == 0. implementation: app_farm/views.py.",Inactive,never,,"Business Logic: This API is used to retrieve the relevant application data for the requesting user or administrative workflow. Data flow: applies queryset/filtering rules, uses serializer validation/serialization, reads query parameters. Key business/validation rules documented in the KT: len(serializer1.data) != 0; len(serializer.data) != 0; len(serializer.data) == 0. Implementation: app_farm/views.py. Status note: This endpoint is not present in the supplied live API inventory, so it is marked Inactive for KT purposes."
,API,app_farm/urls.py,brand_filter_list/,"Endpoint: /api/brand_filter_list/; Handler: views.brand_filter_list.as_view(); Methods: GET Technical details: extends APIView. implements GET handlers. references models.brand_master, models.product_master, models.tb_application_access. reads request.GET. filters querysets. invokes serializer classes or serializer validation. returns a DRF/Django response. explicit conditions include: len(serializer1.data) != 0; len(serializer.data) != 0; len(serializer.data) == 0. implementation: app_farm/views.py.",Inactive,never,,"Business Logic: This API is used to retrieve the relevant application data for the requesting user or administrative workflow. Data flow: applies queryset/filtering rules, uses serializer validation/serialization, reads query parameters. Key business/validation rules documented in the KT: len(serializer1.data) != 0; len(serializer.data) != 0; len(serializer.data) == 0. Implementation: app_farm/views.py. Status note: This endpoint is not present in the supplied live API inventory, so it is marked Inactive for KT purposes."
,API,app_farm/urls.py,brand_filter/,"Endpoint: /api/brand_filter/; Handler: views.brand_filter.as_view(); Methods: GET Technical details: extends APIView. implements GET handlers. references models.brand_master, models.tb_application_access. reads request.GET. filters querysets. invokes serializer classes or serializer validation. returns a DRF/Django response. explicit conditions include: len(serializer1.data) != 0; len(serializer.data) != 0; len(serializer.data) == 0. implementation: app_farm/views.py.",Inactive,never,,"Business Logic: This API is used to support the corresponding application workflow described by the endpoint name and implementation. Data flow: applies queryset/filtering rules, uses serializer validation/serialization, reads query parameters. Key business/validation rules documented in the KT: len(serializer1.data) != 0; len(serializer.data) != 0; len(serializer.data) == 0. Implementation: app_farm/views.py. Status note: This endpoint is not present in the supplied live API inventory, so it is marked Inactive for KT purposes."
,API,app_farm/urls.py,product_by_brand_id/,"Endpoint: /api/product_by_brand_id/; Handler: views.product_list_by_brandID.as_view(); Methods: GET Technical details: extends APIView. implements GET handlers. references models.product_master, models.tb_application_access. reads request.GET. filters querysets. invokes serializer classes or serializer validation. returns a DRF/Django response. explicit conditions include: len(serializer1.data) != 0; '0' in brand_id; len(serializer.data) != 0; len(serializer.data) == 0; len(serializer.data) != 0. implementation: app_farm/views.py.",Inactive,never,,"Business Logic: This API is used to retrieve or manage agricultural input/product catalog or farmer requests. Data flow: applies queryset/filtering rules, uses serializer validation/serialization, reads query parameters. Key business/validation rules documented in the KT: len(serializer1.data) != 0; '0' in brand_id; len(serializer.data) != 0; len(serializer.data) == 0; len(serializer.data) != 0. Implementation: app_farm/views.py. Status note: This endpoint is not present in the supplied live API inventory, so it is marked Inactive for KT purposes."
,API,app_farm/urls.py,addnotification/,Endpoint: /api/addnotification/; Handler: views.AddNotification.as_view(); Methods: POST Technical details: extends generics.CreateAPIView. uses serializer: serializers.addnotificationSerializer. implementation: app_farm/views.py.,Inactive,never,,"Business Logic: This API is used to send or manage user notifications/messages. Implementation: app_farm/views.py. Status note: This endpoint is not present in the supplied live API inventory, so it is marked Inactive for KT purposes."
,API,app_farm/urls.py,nearby_partner/,"Endpoint: /api/nearby_partner/; Handler: views.Nearbypartner.as_view(); Methods: GET Technical details: extends APIView. implements GET handlers. references models.partner_list, models.tb_application_access. reads request.GET. filters querysets. invokes serializer classes or serializer validation. returns a DRF/Django response. explicit conditions include: len(serializer1.data) != 0; len(serializer.data) != 0; len(serializer.data) == 0. implementation: app_farm/views.py.",Inactive,never,,"Business Logic: This API is used to support the corresponding application workflow described by the endpoint name and implementation. Data flow: applies queryset/filtering rules, uses serializer validation/serialization, reads query parameters. Key business/validation rules documented in the KT: len(serializer1.data) != 0; len(serializer.data) != 0; len(serializer.data) == 0. Implementation: app_farm/views.py. Status note: This endpoint is not present in the supplied live API inventory, so it is marked Inactive for KT purposes."
,API,app_farm/urls.py,updateaddress/,"Endpoint: /api/updateaddress/; Handler: views.Modifyaddress.as_view(); Methods: GET Technical details: extends APIView. implements GET handlers. references models.delivery_address, models.tb_application_access. reads request.GET, request.data. retrieves model records; filters querysets; saves model instances. invokes serializer classes or serializer validation. returns a DRF/Django response. explicit conditions include: len(serializer1.data) != 0; serializer.is_valid(). implementation: app_farm/views.py.",Inactive,never,,"Business Logic: This API is used to update the relevant application record using the submitted data and endpoint validations. Data flow: retrieves existing records, applies queryset/filtering rules, persists updates to model instances, uses serializer validation/serialization, reads query parameters. Key business/validation rules documented in the KT: len(serializer1.data) != 0; serializer.is_valid(). Implementation: app_farm/views.py. Status note: This endpoint is not present in the supplied live API inventory, so it is marked Inactive for KT purposes."
,API,app_farm/urls.py,updatefarm/,"Endpoint: /api/updatefarm/; Handler: views.update_farm.as_view(); Methods: GET Technical details: extends APIView. implements GET handlers. references models.farm, models.tb_application_access. reads request.GET. filters querysets. invokes serializer classes or serializer validation. returns a DRF/Django response. explicit conditions include: not getDistanceValidation(lat, lon, feed_id); len(serializer1.data) != 0. implementation: app_farm/views.py.",Active,low,,"It updates farm details according to farmer, most of the update is bein updated by other api, this one was for different pupose, not very frequent call"
,API,app_farm/urls.py,deleteaddress/,"Endpoint: /api/deleteaddress/; Handler: views.Deleteaddress.as_view(); Methods: GET Technical details: extends APIView. implements GET handlers. references models.delivery_address, models.tb_application_access. reads request.GET. filters querysets. invokes serializer classes or serializer validation. returns a DRF/Django response. explicit conditions include: len(serializer1.data) != 0. implementation: app_farm/views.py.",Inactive,never,,"Business Logic: This API is used to delete the relevant application record after applying the endpoint's authorization and validation rules. Data flow: applies queryset/filtering rules, uses serializer validation/serialization, reads query parameters. Key business/validation rules documented in the KT: len(serializer1.data) != 0. Implementation: app_farm/views.py. Status note: This endpoint is not present in the supplied live API inventory, so it is marked Inactive for KT purposes."
,API,app_farm/urls.py,social_profile/,"Endpoint: /api/social_profile/; Handler: views.Socialprofile.as_view(); Methods: GET Technical details: extends APIView. implements GET handlers. references models.organizations, models.tb_application_access, models.user. reads request.GET. filters querysets. invokes serializer classes or serializer validation. returns a DRF/Django response. explicit conditions include: len(serializer1.data) != 0; qs. implementation: app_farm/views.py.",Active,medium,,"This api updates user's profile data in user model, its profile picture and language preferences, all related user profile, and any other change like org change are also done by this. "
,API,app_farm/urls.py,edit_profile/,"Endpoint: /api/edit_profile/; Handler: views.EditSocialprofile.as_view(); Methods: GET Technical details: extends APIView. implements GET handlers. references models.tb_application_access, models.user. reads request.GET, request.data. retrieves model records; filters querysets; saves model instances. invokes serializer classes or serializer validation. returns a DRF/Django response. explicit conditions include: len(serializer1.data) != 0; serializer.is_valid(). implementation: app_farm/views.py.",Inactive,never,,"Business Logic: This API is used to update the relevant application record using the submitted data and endpoint validations. Data flow: retrieves existing records, applies queryset/filtering rules, persists updates to model instances, uses serializer validation/serialization, reads query parameters. Key business/validation rules documented in the KT: len(serializer1.data) != 0; serializer.is_valid(). Implementation: app_farm/views.py. Status note: This endpoint is not present in the supplied live API inventory, so it is marked Inactive for KT purposes."
,API,app_farm/urls.py,delivered_order/,"Endpoint: /api/delivered_order/; Handler: views.Delivered_order.as_view(); Methods: GET Technical details: extends APIView. implements GET handlers. references models.order, models.tb_application_access, models.tracking. reads request.GET. filters querysets. invokes serializer classes or serializer validation. returns a DRF/Django response. explicit conditions include: len(serializer1.data) != 0; len(serializer.data) != 0; len(serializer.data) == 0. implementation: app_farm/views.py.",Inactive,never,,"Business Logic: This API is used to support the corresponding application workflow described by the endpoint name and implementation. Data flow: applies queryset/filtering rules, uses serializer validation/serialization, reads query parameters. Key business/validation rules documented in the KT: len(serializer1.data) != 0; len(serializer.data) != 0; len(serializer.data) == 0. Implementation: app_farm/views.py. Status note: This endpoint is not present in the supplied live API inventory, so it is marked Inactive for KT purposes."
,API,app_farm/urls.py,delivered_order_for_agent/,"Endpoint: /api/delivered_order_for_agent/; Handler: views.Delivered_order_for_agents.as_view(); Methods: GET Technical details: extends APIView. implements GET handlers. references models.agents, models.order, models.user. reads request.GET. filters querysets. invokes serializer classes or serializer validation. returns a DRF/Django response. explicit conditions include: len(serializer1.data) != 0; len(serializer.data) != 0; len(serializer.data) == 0. implementation: app_farm/views.py.",Inactive,never,,"Business Logic: This API is used to support the corresponding application workflow described by the endpoint name and implementation. Data flow: applies queryset/filtering rules, uses serializer validation/serialization, reads query parameters. Key business/validation rules documented in the KT: len(serializer1.data) != 0; len(serializer.data) != 0; len(serializer.data) == 0. Implementation: app_farm/views.py. Status note: This endpoint is not present in the supplied live API inventory, so it is marked Inactive for KT purposes."
,API,app_farm/urls.py,product_list_by_secondfilter/,"Endpoint: /api/product_list_by_secondfilter/; Handler: views.product_list_by_secondfilter.as_view(); Methods: GET Technical details: extends APIView. implements GET handlers. references models.product_master, models.tb_application_access. reads request.GET. filters querysets. invokes serializer classes or serializer validation. returns a DRF/Django response. explicit conditions include: len(serializer1.data) != 0; '0' in brand_id; len(serializer.data) != 0; len(serializer.data) == 0; filter2 == '0'. implementation: app_farm/views.py.",Inactive,never,,"Business Logic: This API is used to retrieve or manage agricultural input/product catalog or farmer requests. Data flow: applies queryset/filtering rules, uses serializer validation/serialization, reads query parameters. Key business/validation rules documented in the KT: len(serializer1.data) != 0; '0' in brand_id; len(serializer.data) != 0; len(serializer.data) == 0; filter2 == '0'. Implementation: app_farm/views.py. Status note: This endpoint is not present in the supplied live API inventory, so it is marked Inactive for KT purposes."
,API,app_farm/urls.py,productListApiUrlPage/,"Endpoint: /api/productListApiUrlPage/; Handler: views.pagination_product_list.as_view(); Methods: GET Technical details: extends APIView. implements GET handlers. references models.product_master, models.tb_application_access. reads request.GET. filters querysets. invokes serializer classes or serializer validation. returns a DRF/Django response. explicit conditions include: len(serializer1.data) != 0; page_number1 == 1; len(serializer.data) != 0; len(serializer.data) == 0. implementation: app_farm/views.py.",Inactive,never,,"Business Logic: This API is used to retrieve or manage agricultural input/product catalog or farmer requests. Data flow: applies queryset/filtering rules, uses serializer validation/serialization, reads query parameters. Key business/validation rules documented in the KT: len(serializer1.data) != 0; page_number1 == 1; len(serializer.data) != 0; len(serializer.data) == 0. Implementation: app_farm/views.py. Status note: This endpoint is not present in the supplied live API inventory, so it is marked Inactive for KT purposes."
,API,app_farm/urls.py,social_list_with_like/,"Endpoint: /api/social_list_with_like/; Handler: views.social_list_with_like.as_view(); Methods: GET Technical details: extends APIView. implements GET handlers. references models.social_post, models.tb_application_access. reads request.GET. filters querysets. invokes serializer classes or serializer validation. returns a DRF/Django response. explicit conditions include: len(serializer1.data) != 0; len(serializer.data) != 0; len(serializer.data) == 0. implementation: app_farm/views.py.",Inactive,never,,"Business Logic: This API is used to manage community/social content, interactions, reports, or live-feed activity. Data flow: applies queryset/filtering rules, uses serializer validation/serialization, reads query parameters. Key business/validation rules documented in the KT: len(serializer1.data) != 0; len(serializer.data) != 0; len(serializer.data) == 0. Implementation: app_farm/views.py. Status note: This endpoint is not present in the supplied live API inventory, so it is marked Inactive for KT purposes."
,API,app_farm/urls.py,crop_list_filter/,"Endpoint: /api/crop_list_filter/; Handler: views.Crop_list_filter.as_view(); Methods: GET Technical details: extends APIView. implements GET handlers. references models.product_master, models.tb_application_access. reads request.GET. filters querysets. invokes serializer classes or serializer validation. returns a DRF/Django response. explicit conditions include: len(serializer1.data) != 0; sub_category == '0' or sub_category == None; category in ['Chemical', 'Seed', 'Nutrition']; category in ['Chemical', 'Seed', 'Nutrition'] and sub_category not in ['Tracktor', 'Sprayer', 'Electronics']; len(serializer.data) != 0. implementation: app_farm/views.py.",Inactive,never,,"Business Logic: This API is used to retrieve crop/variety master data used by farm and crop workflows. Data flow: applies queryset/filtering rules, uses serializer validation/serialization, reads query parameters. Key business/validation rules documented in the KT: len(serializer1.data) != 0; sub_category == '0' or sub_category == None; category in ['Chemical', 'Seed', 'Nutrition']; category in ['Chemical', 'Seed', 'Nutrition'] and sub_category not in ['Tracktor', 'Sprayer', 'Electronics']; len(serializer.data) != 0. Implementation: app_farm/views.py. Status note: This endpoint is not present in the supplied live API inventory, so it is marked Inactive for KT purposes."
,API,app_farm/urls.py,get_machine_list/,"Endpoint: /api/get_machine_list/; Handler: views.Crop_list_filter.as_view(); Methods: GET Technical details: extends APIView. implements GET handlers. references models.product_master, models.tb_application_access. reads request.GET. filters querysets. invokes serializer classes or serializer validation. returns a DRF/Django response. explicit conditions include: len(serializer1.data) != 0; sub_category == '0' or sub_category == None; category in ['Chemical', 'Seed', 'Nutrition']; category in ['Chemical', 'Seed', 'Nutrition'] and sub_category not in ['Tracktor', 'Sprayer', 'Electronics']; len(serializer.data) != 0. implementation: app_farm/views.py.",Inactive,never,,"Business Logic: This API is used to retrieve or manage agricultural input/product catalog or farmer requests. Data flow: applies queryset/filtering rules, uses serializer validation/serialization, reads query parameters. Key business/validation rules documented in the KT: len(serializer1.data) != 0; sub_category == '0' or sub_category == None; category in ['Chemical', 'Seed', 'Nutrition']; category in ['Chemical', 'Seed', 'Nutrition'] and sub_category not in ['Tracktor', 'Sprayer', 'Electronics']; len(serializer.data) != 0. Implementation: app_farm/views.py. Status note: This endpoint is not present in the supplied live API inventory, so it is marked Inactive for KT purposes."
,API,app_farm/urls.py,product_with_varient/,"Endpoint: /api/product_with_varient/; Handler: views.Product_list_with_varient.as_view(); Methods: GET Technical details: extends APIView. implements GET handlers. references models.product_master, models.tb_application_access. reads request.GET. filters querysets. invokes serializer classes or serializer validation. returns a DRF/Django response. explicit conditions include: len(serializer1.data) != 0; len(serializer.data) != 0; len(serializer.data) == 0. implementation: app_farm/views.py.",Inactive,never,,"Business Logic: This API is used to retrieve or manage agricultural input/product catalog or farmer requests. Data flow: applies queryset/filtering rules, uses serializer validation/serialization, reads query parameters. Key business/validation rules documented in the KT: len(serializer1.data) != 0; len(serializer.data) != 0; len(serializer.data) == 0. Implementation: app_farm/views.py. Status note: This endpoint is not present in the supplied live API inventory, so it is marked Inactive for KT purposes."
,API,app_farm/urls.py,valid_coupons/,"Endpoint: /api/valid_coupons/; Handler: views.Valid_Coupon.as_view(); Methods: GET Technical details: extends APIView. implements GET handlers. references models.coupon_details, models.tb_application_access. reads request.GET. filters querysets. invokes serializer classes or serializer validation. returns a DRF/Django response. explicit conditions include: len(serializer1.data) != 0; len(serializer.data) != 0; len(serializer.data) == 0. implementation: app_farm/views.py.",Inactive,never,,"Business Logic: This API is used to manage subscription packages/services and coupon eligibility. Data flow: applies queryset/filtering rules, uses serializer validation/serialization, reads query parameters. Key business/validation rules documented in the KT: len(serializer1.data) != 0; len(serializer.data) != 0; len(serializer.data) == 0. Implementation: app_farm/views.py. Status note: This endpoint is not present in the supplied live API inventory, so it is marked Inactive for KT purposes."
,API,app_farm/urls.py,coupon_details/,"Endpoint: /api/coupon_details/; Handler: views.Coupon_Details.as_view(); Methods: GET Technical details: extends APIView. implements GET handlers. references models.coupon_details, models.tb_application_access. reads request.GET. filters querysets. invokes serializer classes or serializer validation. returns a DRF/Django response. explicit conditions include: len(serializer1.data) != 0; len(serializer.data) != 0; len(serializer.data) == 0. implementation: app_farm/views.py.",Inactive,never,,"Business Logic: This API is used to manage subscription packages/services and coupon eligibility. Data flow: applies queryset/filtering rules, uses serializer validation/serialization, reads query parameters. Key business/validation rules documented in the KT: len(serializer1.data) != 0; len(serializer.data) != 0; len(serializer.data) == 0. Implementation: app_farm/views.py. Status note: This endpoint is not present in the supplied live API inventory, so it is marked Inactive for KT purposes."
,API,app_farm/urls.py,imageupload/,"Endpoint: /api/imageupload/; Handler: views.ImageUpload.as_view(); Methods: POST Technical details: extends APIView. implements POST handlers. references models.tb_application_access. reads request.GET, request.data. filters querysets. invokes serializer classes or serializer validation. returns a DRF/Django response. explicit conditions include: not image; len(serializer1.data) != 0; is_private and is_private == True. implementation: app_farm/views.py.",Active,medium,,"Uploads images in bucket, both public and private with condition"
,API,app_farm/urls.py,pagination_farm_list/,"Endpoint: /api/pagination_farm_list/; Handler: views.pagination_farm_list.as_view(); Methods: GET Technical details: extends APIView. implements GET handlers. references models.farm, models.tb_application_access. reads request.GET. filters querysets. invokes serializer classes or serializer validation. returns a DRF/Django response. explicit conditions include: search_by_user_name is not None; search_by_name is not None; stressed is not None; healthy is not None; state1 is not None. implementation: app_farm/views.py.",Active,low,,"This shows pagination farm list of a farmer, this one is for farmer role"
,API,app_farm/urls.py,pagination_farm_list_admin/,"Endpoint: /api/pagination_farm_list_admin/; Handler: views.pagination_farm_list_admin.as_view(); Methods: GET Technical details: extends APIView. implements GET handlers. references models.farm, models.tb_application_access. reads request.GET. filters querysets. invokes serializer classes or serializer validation. returns a DRF/Django response. explicit conditions include: search_by_name is not None; search_by_user_name is not None; stressed is not None; featured is not None; healthy is not None. implementation: app_farm/views.py.",Active,medium,,"This shows pagination farm list of a farm to fpo admin, this one is for admin role"
,API,app_farm/urls.py,pagination_activity_list/,"Endpoint: /api/pagination_activity_list/; Handler: views.pagination_activity_list.as_view(); Methods: GET Technical details: extends APIView. implements GET handlers. references models.activity, models.tb_application_access. reads request.GET. filters querysets. invokes serializer classes or serializer validation. returns a DRF/Django response. explicit conditions include: len(serializer1.data) != 0; page_number1 == 1; len(serializer.data) != 0; len(serializer.data) == 0. implementation: app_farm/views.py.",Inactive,never,,"Business Logic: This API is used to manage or retrieve farmer farm-activity records and activity execution data. Data flow: applies queryset/filtering rules, uses serializer validation/serialization, reads query parameters. Key business/validation rules documented in the KT: len(serializer1.data) != 0; page_number1 == 1; len(serializer.data) != 0; len(serializer.data) == 0. Implementation: app_farm/views.py. Status note: This endpoint is not present in the supplied live API inventory, so it is marked Inactive for KT purposes."
,API,app_farm/urls.py,pagination_activity_master/,"Endpoint: /api/pagination_activity_master/; Handler: views.pagination_activity_master_list.as_view(); Methods: GET Technical details: extends APIView. implements GET handlers. references models.activity_master, models.tb_application_access. reads request.GET. filters querysets. invokes serializer classes or serializer validation. returns a DRF/Django response. explicit conditions include: len(serializer1.data) != 0; page_number1 == 1; len(serializer.data) != 0; len(serializer.data) == 0. implementation: app_farm/views.py.",Inactive,never,,"Business Logic: This API is used to manage or retrieve farmer farm-activity records and activity execution data. Data flow: applies queryset/filtering rules, uses serializer validation/serialization, reads query parameters. Key business/validation rules documented in the KT: len(serializer1.data) != 0; page_number1 == 1; len(serializer.data) != 0; len(serializer.data) == 0. Implementation: app_farm/views.py. Status note: This endpoint is not present in the supplied live API inventory, so it is marked Inactive for KT purposes."
,API,app_farm/urls.py,pagination_sellcrop_list/,"Endpoint: /api/pagination_sellcrop_list/; Handler: views.pagination_sellcrop_list.as_view(); Methods: GET Technical details: extends APIView. implements GET handlers. references models.sell_crop, models.tb_application_access. reads request.GET. filters querysets. invokes serializer classes or serializer validation. returns a DRF/Django response. explicit conditions include: len(serializer1.data) != 0; page_number1 == 1; len(serializer.data) != 0; len(serializer.data) == 0. implementation: app_farm/views.py.",Inactive,never,,"Business Logic: This API is used to manage farmer crop-selling records and related listings. Data flow: applies queryset/filtering rules, uses serializer validation/serialization, reads query parameters. Key business/validation rules documented in the KT: len(serializer1.data) != 0; page_number1 == 1; len(serializer.data) != 0; len(serializer.data) == 0. Implementation: app_farm/views.py. Status note: This endpoint is not present in the supplied live API inventory, so it is marked Inactive for KT purposes."
,API,app_farm/urls.py,pagination_crop_list/,"Endpoint: /api/pagination_crop_list/; Handler: views.pagination_crop_list.as_view(); Methods: GET Technical details: extends APIView. implements GET handlers. references models.crop_master, models.tb_application_access. reads request.GET. filters querysets. invokes serializer classes or serializer validation. returns a DRF/Django response. explicit conditions include: len(serializer1.data) != 0; page_number1 == 1; len(serializer.data) != 0; len(serializer.data) == 0. implementation: app_farm/views.py.",Inactive,never,,"Business Logic: This API is used to retrieve crop/variety master data used by farm and crop workflows. Data flow: applies queryset/filtering rules, uses serializer validation/serialization, reads query parameters. Key business/validation rules documented in the KT: len(serializer1.data) != 0; page_number1 == 1; len(serializer.data) != 0; len(serializer.data) == 0. Implementation: app_farm/views.py. Status note: This endpoint is not present in the supplied live API inventory, so it is marked Inactive for KT purposes."
,API,app_farm/urls.py,pagination_offers_list/,"Endpoint: /api/pagination_offers_list/; Handler: views.pagination_offers_list.as_view(); Methods: GET Technical details: extends APIView. implements GET handlers. references models.offers, models.tb_application_access. reads request.GET. filters querysets. invokes serializer classes or serializer validation. returns a DRF/Django response. explicit conditions include: len(serializer1.data) != 0; page_number1 == 1; len(serializer.data) != 0; len(serializer.data) == 0. implementation: app_farm/views.py.",Active,low,,"Business Logic: This API is used to retrieve marketplace offers/details or submit an offer/redemption request. Data flow: applies queryset/filtering rules, uses serializer validation/serialization, reads query parameters. Key business/validation rules documented in the KT: len(serializer1.data) != 0; page_number1 == 1; len(serializer.data) != 0; len(serializer.data) == 0. Implementation: app_farm/views.py. Live API inventory reference: offerListPaginatedURL."
,API,app_farm/urls.py,pagination_training_list/,"Endpoint: /api/pagination_training_list/; Handler: views.pagination_training_list.as_view(); Methods: GET Technical details: extends APIView. implements GET handlers. references models.tb_application_access, models.training. reads request.GET. filters querysets. invokes serializer classes or serializer validation. returns a DRF/Django response. explicit conditions include: len(serializer1.data) != 0; page_number1 == 1; len(serializer.data) != 0; len(serializer.data) == 0. implementation: app_farm/views.py.",Active,low,,"Business Logic: This API is used to retrieve or manage farmer training/advisory content and execution. Data flow: applies queryset/filtering rules, uses serializer validation/serialization, reads query parameters. Key business/validation rules documented in the KT: len(serializer1.data) != 0; page_number1 == 1; len(serializer.data) != 0; len(serializer.data) == 0. Implementation: app_farm/views.py. Live API inventory reference: paginatedAdvisoryPageURL."
,API,app_farm/urls.py,pagination_variety_list/,"Endpoint: /api/pagination_variety_list/; Handler: views.pagination_variety_list.as_view(); Methods: GET Technical details: extends APIView. implements GET handlers. references models.crop_master, models.crop_variety_master. reads request.GET. filters querysets. invokes serializer classes or serializer validation. returns a DRF/Django response. explicit conditions include: page_number1 == 1; crop_id; len(serializer.data) != 0; len(serializer.data) == 0. implementation: app_farm/views.py.",Active,medium,,"This shows crop's variety list with crop id, we use it in sign up and whenever we are updating crop, it also helps in pop development"
,API,app_farm/urls.py,pagination_product_list/,"Endpoint: /api/pagination_product_list/; Handler: views.pagination_product_list.as_view(); Methods: GET Technical details: extends APIView. implements GET handlers. references models.product_master, models.tb_application_access. reads request.GET. filters querysets. invokes serializer classes or serializer validation. returns a DRF/Django response. explicit conditions include: len(serializer1.data) != 0; page_number1 == 1; len(serializer.data) != 0; len(serializer.data) == 0. implementation: app_farm/views.py.",Inactive,never,,"Business Logic: This API is used to retrieve or manage agricultural input/product catalog or farmer requests. Data flow: applies queryset/filtering rules, uses serializer validation/serialization, reads query parameters. Key business/validation rules documented in the KT: len(serializer1.data) != 0; page_number1 == 1; len(serializer.data) != 0; len(serializer.data) == 0. Implementation: app_farm/views.py. Status note: This endpoint is not present in the supplied live API inventory, so it is marked Inactive for KT purposes."
,API,app_farm/urls.py,pagination_popular_product_list/,"Endpoint: /api/pagination_popular_product_list/; Handler: views.pagination_popular_product_list.as_view(); Methods: GET Technical details: extends APIView. implements GET handlers. references models.product_master, models.tb_application_access. reads request.GET. filters querysets. invokes serializer classes or serializer validation. returns a DRF/Django response. explicit conditions include: len(serializer1.data) != 0; page_number1 == 1; len(serializer.data) != 0; len(serializer.data) == 0. implementation: app_farm/views.py.",Inactive,never,,"Business Logic: This API is used to manage or retrieve Package of Practice (POP) information for farm/crop activity planning. Data flow: applies queryset/filtering rules, uses serializer validation/serialization, reads query parameters. Key business/validation rules documented in the KT: len(serializer1.data) != 0; page_number1 == 1; len(serializer.data) != 0; len(serializer.data) == 0. Implementation: app_farm/views.py. Status note: This endpoint is not present in the supplied live API inventory, so it is marked Inactive for KT purposes."
,API,app_farm/urls.py,pagination_product_variant_list/,"Endpoint: /api/pagination_product_variant_list/; Handler: views.pagination_product_variant_list.as_view(); Methods: GET Technical details: extends APIView. implements GET handlers. references models.product_variants, models.tb_application_access. reads request.GET. filters querysets. invokes serializer classes or serializer validation. returns a DRF/Django response. explicit conditions include: len(serializer1.data) != 0; page_number1 == 1; len(serializer.data) != 0; len(serializer.data) == 0. implementation: app_farm/views.py.",Inactive,never,,"Business Logic: This API is used to retrieve or manage agricultural input/product catalog or farmer requests. Data flow: applies queryset/filtering rules, uses serializer validation/serialization, reads query parameters. Key business/validation rules documented in the KT: len(serializer1.data) != 0; page_number1 == 1; len(serializer.data) != 0; len(serializer.data) == 0. Implementation: app_farm/views.py. Status note: This endpoint is not present in the supplied live API inventory, so it is marked Inactive for KT purposes."
,API,app_farm/urls.py,pagination_address_list/,"Endpoint: /api/pagination_address_list/; Handler: views.pagination_address_list.as_view(); Methods: GET Technical details: extends APIView. implements GET handlers. references models.delivery_address, models.tb_application_access. reads request.GET. filters querysets. invokes serializer classes or serializer validation. returns a DRF/Django response. explicit conditions include: len(serializer1.data) != 0; page_number1 == 1; len(serializer.data) != 0; len(serializer.data) == 0. implementation: app_farm/views.py.",Inactive,never,,"Business Logic: This API is used to create/store the relevant application record after validation. Data flow: applies queryset/filtering rules, uses serializer validation/serialization, reads query parameters. Key business/validation rules documented in the KT: len(serializer1.data) != 0; page_number1 == 1; len(serializer.data) != 0; len(serializer.data) == 0. Implementation: app_farm/views.py. Status note: This endpoint is not present in the supplied live API inventory, so it is marked Inactive for KT purposes."
,API,app_farm/urls.py,pagination_news_list/,"Endpoint: /api/pagination_news_list/; Handler: views.pagination_news_list.as_view(); Methods: GET Technical details: extends APIView. implements GET handlers. references models.news, models.tb_application_access. reads request.GET. filters querysets. invokes serializer classes or serializer validation. returns a DRF/Django response. explicit conditions include: len(serializer1.data) != 0; page_number1 == 1; len(serializer.data) != 0; len(serializer.data) == 0. implementation: app_farm/views.py.",Inactive,never,,"Business Logic: This API is used to retrieve application news/content. Data flow: applies queryset/filtering rules, uses serializer validation/serialization, reads query parameters. Key business/validation rules documented in the KT: len(serializer1.data) != 0; page_number1 == 1; len(serializer.data) != 0; len(serializer.data) == 0. Implementation: app_farm/views.py. Status note: This endpoint is not present in the supplied live API inventory, so it is marked Inactive for KT purposes."
,API,app_farm/urls.py,pagination_carousel_list/,"Endpoint: /api/pagination_carousel_list/; Handler: views.pagination_carousel_list.as_view(); Methods: GET Technical details: extends APIView. implements GET handlers. references models.carousel, models.tb_application_access. reads request.GET. filters querysets. invokes serializer classes or serializer validation. returns a DRF/Django response. explicit conditions include: len(serializer1.data) != 0; page_number1 == 1; len(serializer.data) != 0; len(serializer.data) == 0. implementation: app_farm/views.py.",Inactive,never,,"Business Logic: This API is used to retrieve the relevant application data for the requesting user or administrative workflow. Data flow: applies queryset/filtering rules, uses serializer validation/serialization, reads query parameters. Key business/validation rules documented in the KT: len(serializer1.data) != 0; page_number1 == 1; len(serializer.data) != 0; len(serializer.data) == 0. Implementation: app_farm/views.py. Status note: This endpoint is not present in the supplied live API inventory, so it is marked Inactive for KT purposes."
,API,app_farm/urls.py,pagination_hashtag_list/,"Endpoint: /api/pagination_hashtag_list/; Handler: views.pagination_hashtag_list.as_view(); Methods: GET Technical details: extends APIView. implements GET handlers. references models.hashtag_master, models.tb_application_access. reads request.GET. filters querysets. invokes serializer classes or serializer validation. returns a DRF/Django response. explicit conditions include: len(serializer1.data) != 0; page_number1 == 1; len(serializer.data) != 0; len(serializer.data) == 0. implementation: app_farm/views.py.",Inactive,never,,"Business Logic: This API is used to manage community/social content, interactions, reports, or live-feed activity. Data flow: applies queryset/filtering rules, uses serializer validation/serialization, reads query parameters. Key business/validation rules documented in the KT: len(serializer1.data) != 0; page_number1 == 1; len(serializer.data) != 0; len(serializer.data) == 0. Implementation: app_farm/views.py. Status note: This endpoint is not present in the supplied live API inventory, so it is marked Inactive for KT purposes."
,API,app_farm/urls.py,pagination_social_list/,"Endpoint: /api/pagination_social_list/; Handler: views.pagination_social_list.as_view(); Methods: GET Technical details: extends APIView. implements GET handlers. references models.social_post, models.tb_application_access. reads request.GET. filters querysets. invokes serializer classes or serializer validation. returns a DRF/Django response. explicit conditions include: len(serializer1.data) != 0; page_number1 == 1; len(serializer.data) != 0; len(serializer.data) == 0. implementation: app_farm/views.py.",Inactive,never,,"Business Logic: This API is used to manage community/social content, interactions, reports, or live-feed activity. Data flow: applies queryset/filtering rules, uses serializer validation/serialization, reads query parameters. Key business/validation rules documented in the KT: len(serializer1.data) != 0; page_number1 == 1; len(serializer.data) != 0; len(serializer.data) == 0. Implementation: app_farm/views.py. Status note: This endpoint is not present in the supplied live API inventory, so it is marked Inactive for KT purposes."
,API,app_farm/urls.py,pagination_social_list_with_likes/,"Endpoint: /api/pagination_social_list_with_likes/; Handler: views.pagination_social_list_with_like.as_view(); Methods: GET Technical details: extends APIView. implements GET handlers. references models.social_post, models.tb_application_access. reads request.GET. filters querysets. invokes serializer classes or serializer validation. returns a DRF/Django response. explicit conditions include: len(serializer1.data) != 0; page_number1 == 1; len(serializer.data) != 0; len(serializer.data) == 0. implementation: app_farm/views.py.",Inactive,never,,"Business Logic: This API is used to manage community/social content, interactions, reports, or live-feed activity. Data flow: applies queryset/filtering rules, uses serializer validation/serialization, reads query parameters. Key business/validation rules documented in the KT: len(serializer1.data) != 0; page_number1 == 1; len(serializer.data) != 0; len(serializer.data) == 0. Implementation: app_farm/views.py. Status note: This endpoint is not present in the supplied live API inventory, so it is marked Inactive for KT purposes."
,API,app_farm/urls.py,pagination_brand_filter/,"Endpoint: /api/pagination_brand_filter/; Handler: views.pagination_brand_filter_list.as_view(); Methods: GET Technical details: extends APIView. implements GET handlers. references models.brand_master, models.product_master, models.tb_application_access. reads request.GET. filters querysets. invokes serializer classes or serializer validation. returns a DRF/Django response. explicit conditions include: len(serializer1.data) != 0; page_number1 == 1; len(serializer.data) != 0; len(serializer.data) == 0. implementation: app_farm/views.py.",Inactive,never,,"Business Logic: This API is used to retrieve the relevant application data for the requesting user or administrative workflow. Data flow: applies queryset/filtering rules, uses serializer validation/serialization, reads query parameters. Key business/validation rules documented in the KT: len(serializer1.data) != 0; page_number1 == 1; len(serializer.data) != 0; len(serializer.data) == 0. Implementation: app_farm/views.py. Status note: This endpoint is not present in the supplied live API inventory, so it is marked Inactive for KT purposes."
,API,app_farm/urls.py,activity_admin_list/,"Endpoint: /api/activity_admin_list/; Handler: views.activity_admin_list.as_view(); Methods: GET Technical details: extends APIView. implements GET handlers. references models.activity, models.tb_application_access. reads request.GET. filters querysets. invokes serializer classes or serializer validation. returns a DRF/Django response. explicit conditions include: len(serializer1.data) != 0; org_id is None; len(serializer.data) != 0; len(serializer.data) == 0. implementation: app_farm/views.py.",Inactive,never,,"Not very important api, can be removed from app as well, just shows list of activity_list model in app_farm module, no longer necessary"
,API,app_farm/urls.py,activity_list/,"Endpoint: /api/activity_list/; Handler: views.activity_list.as_view(); Methods: GET Technical details: extends APIView. implements GET handlers. references models.activity, models.tb_application_access. reads request.GET. filters querysets. invokes serializer classes or serializer validation. returns a DRF/Django response. explicit conditions include: len(serializer1.data) != 0; user_id is None; len(serializer.data) != 0; len(serializer.data) == 0. implementation: app_farm/views.py.",Inactive,never,,"Not very important api, can be removed from app as well, just shows list of activity_list model in app_farm module, no longer necessary"
,API,app_farm/urls.py,addactivity/,Endpoint: /api/addactivity/; Handler: views.AddActivity.as_view(); Methods: POST Technical details: extends generics.CreateAPIView. uses serializer: serializers.activityaddSerializer. declares queryset: models.activity.objects.all(...). references models.activity. implementation: app_farm/views.py.,Inactive,never,,"Not very important api, can be removed from app as well, just adds to list of activity_list model in app_farm module, no longer necessary"
,API,app_farm/urls.py,activity_master_list/,"Endpoint: /api/activity_master_list/; Handler: views.activity_master_list.as_view(); Methods: GET Technical details: extends APIView. implements GET handlers. references models.activity_master, models.tb_application_access. reads request.GET. filters querysets. invokes serializer classes or serializer validation. returns a DRF/Django response. explicit conditions include: len(serializer1.data) != 0; len(serializer.data) != 0; len(serializer.data) == 0. implementation: app_farm/views.py.",Inactive,never,,"Business Logic: This API is used to manage or retrieve farmer farm-activity records and activity execution data. Data flow: applies queryset/filtering rules, uses serializer validation/serialization, reads query parameters. Key business/validation rules documented in the KT: len(serializer1.data) != 0; len(serializer.data) != 0; len(serializer.data) == 0. Implementation: app_farm/views.py. Status note: This endpoint is not present in the supplied live API inventory, so it is marked Inactive for KT purposes."
,API,app_farm/urls.py,addactivitymaster/,Endpoint: /api/addactivitymaster/; Handler: views.AddActivityMaster.as_view(); Methods: POST Technical details: extends generics.CreateAPIView. uses serializer: serializers.activity_masteraddSerializer. declares queryset: models.activity_master.objects.all(...). references models.activity_master. implementation: app_farm/views.py.,Inactive,never,,"Business Logic: This API is used to manage or retrieve farmer farm-activity records and activity execution data. Implementation: app_farm/views.py. Status note: This endpoint is not present in the supplied live API inventory, so it is marked Inactive for KT purposes."
,API,app_farm/urls.py,update_activity/,"Endpoint: /api/update_activity/; Handler: views.update_activity.as_view(); Methods: GET Technical details: extends APIView. implements GET handlers. references models.activity, models.tb_application_access. reads request.GET. filters querysets. invokes serializer classes or serializer validation. returns a DRF/Django response. explicit conditions include: len(serializer1.data) != 0; len(serializer.data) != 0; len(serializer.data) == 0. implementation: app_farm/views.py.",Inactive,never,,"Business Logic: This API is used to manage or retrieve farmer farm-activity records and activity execution data. Data flow: applies queryset/filtering rules, uses serializer validation/serialization, reads query parameters. Key business/validation rules documented in the KT: len(serializer1.data) != 0; len(serializer.data) != 0; len(serializer.data) == 0. Implementation: app_farm/views.py. Status note: This endpoint is not present in the supplied live API inventory, so it is marked Inactive for KT purposes."
,API,app_farm/urls.py,imageuploader/,Endpoint: /api/imageuploader/; Handler: views.UploadViewSet.as_view(); Methods: POST Technical details: extends APIView. implements POST handlers. uses serializer: serializers.UploadSerializer. returns a DRF/Django response. implementation: app_farm/views.py.,Inactive,never,,"Business Logic: This API is used to support the corresponding application workflow described by the endpoint name and implementation. Implementation: app_farm/views.py. Status note: This endpoint is not present in the supplied live API inventory, so it is marked Inactive for KT purposes."
,API,app_farm/urls.py,addinquiry/,Endpoint: /api/addinquiry/; Handler: views.AddInquiry.as_view(); Methods: POST Technical details: extends generics.CreateAPIView. uses serializer: serializers.aryadhan_inquirySerializer. declares queryset: models.aryadhan_inquiry.objects.all(...). references models.aryadhan_inquiry. implementation: app_farm/views.py.,Inactive,never,,"Business Logic: This API is used to create/store the relevant application record after validation. Implementation: app_farm/views.py. Status note: This endpoint is not present in the supplied live API inventory, so it is marked Inactive for KT purposes."
,API,app_farm/urls.py,addlivefeed/,"Endpoint: /api/addlivefeed/; Handler: views.AddLiveFeed.as_view(); Methods: POST Technical details: extends generics.CreateAPIView. uses serializer: serializers.addlivefeedSerializer. authentication: [CustomTokenAuthentication]. permissions: [IsAuthenticated]. references models.live_feed, models.organizations, models.user. filters querysets; saves model instances. returns a DRF/Django response. explicit conditions include: not org.room_100ms; existing_live_feed; 'id' not in data.keys(); 'data' not in code_video.keys(). implementation: app_farm/views.py.",Active,low,,Adds live feed of 100 ms API
,API,app_farm/urls.py,update_livefeed/,"Endpoint: /api/update_livefeed/; Handler: views.update_livefeed.as_view(); Methods: GET Technical details: extends APIView. implements GET handlers. references models.live_feed, models.tb_application_access. reads request.GET. filters querysets. invokes serializer classes or serializer validation. returns a DRF/Django response. explicit conditions include: len(serializer1.data) != 0. implementation: app_farm/views.py.",Active,low,,Updates live feed of 100ms API
,API,app_farm/urls.py,livefeedlist/,"Endpoint: /api/livefeedlist/; Handler: views.live_feed.as_view(); Methods: GET Technical details: extends APIView. implements GET handlers. references models.live_feed, models.tb_application_access. reads request.GET. filters querysets. invokes serializer classes or serializer validation. returns a DRF/Django response. explicit conditions include: len(serializer1.data) != 0 or True; serializer; not finaldata[0]['org_id']. implementation: app_farm/views.py.",Active,low,,Shows live feed of 100ms api according to org
,API,app_farm/urls.py,org_member_list/,"Endpoint: /api/org_member_list/; Handler: views.org_member_list.as_view(); Methods: GET Technical details: extends APIView. implements GET handlers. references models.tb_application_access, models.user. reads request.GET. filters querysets. invokes serializer classes or serializer validation. returns a DRF/Django response. explicit conditions include: len(serializer1.data) != 0; len(serializer.data) != 0; len(serializer.data) == 0. implementation: app_farm/views.py.",Inactive,never,,"Business Logic: This API is used to retrieve or manage organization/FPO information and its users/members. Data flow: applies queryset/filtering rules, uses serializer validation/serialization, reads query parameters. Key business/validation rules documented in the KT: len(serializer1.data) != 0; len(serializer.data) != 0; len(serializer.data) == 0. Implementation: app_farm/views.py. Status note: This endpoint is not present in the supplied live API inventory, so it is marked Inactive for KT purposes."
,API,app_farm/urls.py,org_member_first_time_user_list/,"Endpoint: /api/org_member_first_time_user_list/; Handler: views.org_member_first_time_user_list.as_view(); Methods: GET Technical details: extends APIView. implements GET handlers. references models.tb_application_access, models.user. reads request.GET. filters querysets. invokes serializer classes or serializer validation. returns a DRF/Django response. explicit conditions include: len(serializer1.data) != 0; len(serializer.data) != 0; len(serializer.data) == 0. implementation: app_farm/views.py.",Inactive,never,,"Business Logic: This API is used to retrieve or manage organization/FPO information and its users/members. Data flow: applies queryset/filtering rules, uses serializer validation/serialization, reads query parameters. Key business/validation rules documented in the KT: len(serializer1.data) != 0; len(serializer.data) != 0; len(serializer.data) == 0. Implementation: app_farm/views.py. Status note: This endpoint is not present in the supplied live API inventory, so it is marked Inactive for KT purposes."
,API,app_farm/urls.py,org_member_download_list/,"Endpoint: /api/org_member_download_list/; Handler: views.org_member_download_list.as_view(); Methods: GET Technical details: extends APIView. implements GET handlers. references models.tb_application_access, models.user. reads request.GET. filters querysets. invokes serializer classes or serializer validation. returns a DRF/Django response. explicit conditions include: len(serializer1.data) != 0; len(serializer.data) != 0; len(serializer.data) == 0. implementation: app_farm/views.py.",Inactive,never,,"Business Logic: This API is used to retrieve or manage organization/FPO information and its users/members. Data flow: applies queryset/filtering rules, uses serializer validation/serialization, reads query parameters. Key business/validation rules documented in the KT: len(serializer1.data) != 0; len(serializer.data) != 0; len(serializer.data) == 0. Implementation: app_farm/views.py. Status note: This endpoint is not present in the supplied live API inventory, so it is marked Inactive for KT purposes."
,API,app_farm/urls.py,update_profilepicture/,"Endpoint: /api/update_profilepicture/; Handler: views.update_profilepicture.as_view(); Methods: GET Technical details: extends APIView. implements GET handlers. references models.tb_application_access, models.user. reads request.GET. filters querysets. invokes serializer classes or serializer validation. returns a DRF/Django response. explicit conditions include: len(serializer1.data) != 0. implementation: app_farm/views.py.",Active,low,,Updates profile pic by uploadin image
,API,app_farm/urls.py,send_push_notification/,"Endpoint: /api/send_push_notification/; Handler: views.send_push_notification.as_view(); Methods: GET Technical details: extends APIView. implements GET handlers. references models.tb_application_access, models.user. reads request.GET. filters querysets. invokes serializer classes or serializer validation. returns a DRF/Django response. explicit conditions include: len(serializer1.data) != 0; not user_obj; deviceToken; token_valid; 'Unregistered' in fcm_error. implementation: app_farm/views.py.",Active,medium,,Sends push notification using Firbase and that also sends a one to one chat message
,API,app_farm/urls.py,update_fcmtoken/,"Endpoint: /api/update_fcmtoken/; Handler: views.update_fcmtoken.as_view(); Methods: GET Technical details: extends APIView. implements GET handlers. references models.tb_application_access, models.user. reads request.GET. filters querysets. invokes serializer classes or serializer validation. returns a DRF/Django response. explicit conditions include: len(serializer1.data) != 0. implementation: app_farm/views.py.",Active,low,,It can update fcm_token but not needed we already do it once user login again
,API,app_farm/urls.py,group_sms/,"Endpoint: /api/group_sms/; Handler: views.group_sms.as_view(); Methods: POST Technical details: extends APIView, SubscriptionRequiredMixin. implements POST handlers. authentication: [CustomTokenAuthentication]. permissions: [IsAuthenticated]. references models.language_master, models.user. reads request.data, request.user. filters querysets. returns a DRF/Django response. explicit conditions include: isinstance(contact, str); not language_data; not sms_template; isinstance(item, str) and item.isdigit() and (len(item) == 10); select_all. implementation: app_farm/views.py.",Active,high,,"sends SMs using NoMS APi and also sends notification to all of those farmers, "
,API,app_farm/urls.py,update_status_community/,"Endpoint: /api/update_status_community/; Handler: views.update_status_community.as_view(); Methods: GET Technical details: extends APIView. implements GET handlers. references models.social_post, models.tb_application_access. reads request.GET. filters querysets. invokes serializer classes or serializer validation. returns a DRF/Django response. explicit conditions include: len(serializer1.data) != 0. implementation: app_farm/views.py.",Active,low,,Can edit any community post using this api 
,API,app_farm/urls.py,add_community_reporting/,Endpoint: /api/add_community_reporting/; Handler: views.Addcommunity_post_reporting.as_view(); Methods: POST Technical details: extends generics.CreateAPIView. uses serializer: serializers.community_post_reportingSerializer. declares queryset: models.community_post_reporting.objects.all(...). references models.community_post_reporting. implementation: app_farm/views.py.,Active,low,,Report a community post using the api
,API,app_farm/urls.py,add_user_reporting/,Endpoint: /api/add_user_reporting/; Handler: views.Adduser_reporting.as_view(); Methods: POST Technical details: extends generics.CreateAPIView. uses serializer: serializers.adduser_reportingSerializer. declares queryset: models.user_reporting.objects.all(...). references models.user_reporting. implementation: app_farm/views.py.,Active,low,,"Report a user with given api, can alos block them"
,API,app_farm/urls.py,add_comment_reporting/,Endpoint: /api/add_comment_reporting/; Handler: views.Addcomment_reporting.as_view(); Methods: POST Technical details: extends generics.CreateAPIView. uses serializer: serializers.comment_reportingSerializer. declares queryset: models.comment_reporting.objects.all(...). references models.comment_reporting. implementation: app_farm/views.py.,Active,low,,You can report comments using this api on community
,API,app_farm/urls.py,update_installedapp/,"Endpoint: /api/update_installedapp/; Handler: views.update_installedapp.as_view(); Methods: GET Technical details: extends APIView. implements GET handlers. references models.tb_application_access, models.user. reads request.GET. filters querysets. invokes serializer classes or serializer validation. returns a DRF/Django response. explicit conditions include: len(serializer1.data) != 0. implementation: app_farm/views.py.",Inactive,never,,"Business Logic: This API is used to update the relevant application record using the submitted data and endpoint validations. Data flow: applies queryset/filtering rules, uses serializer validation/serialization, reads query parameters. Key business/validation rules documented in the KT: len(serializer1.data) != 0. Implementation: app_farm/views.py. Status note: This endpoint is not present in the supplied live API inventory, so it is marked Inactive for KT purposes."
,API,app_farm/urls.py,location_list/,"Endpoint: /api/location_list/; Handler: views.location_list.as_view(); Methods: GET Technical details: extends APIView. implements GET handlers. references models.farm, models.tb_application_access. reads request.GET. filters querysets. invokes serializer classes or serializer validation. returns a DRF/Django response. explicit conditions include: state1 is not None; district1 is not None; taluka1 is not None; village1 is not None; len(serializer1.data) != 0. implementation: app_farm/views.py.",Inactive,never,,"Business Logic: This API is used to retrieve the relevant application data for the requesting user or administrative workflow. Data flow: applies queryset/filtering rules, uses serializer validation/serialization, reads query parameters. Key business/validation rules documented in the KT: state1 is not None; district1 is not None; taluka1 is not None; village1 is not None; len(serializer1.data) != 0. Implementation: app_farm/views.py. Status note: This endpoint is not present in the supplied live API inventory, so it is marked Inactive for KT purposes."
,API,app_farm/urls.py,state_list/,"Endpoint: /api/state_list/; Handler: views.location_list_state.as_view(); Methods: GET Technical details: extends APIView. implements GET handlers. references models.farm, models.tb_application_access. reads request.GET. filters querysets. invokes serializer classes or serializer validation. returns a DRF/Django response. explicit conditions include: len(serializer1.data) != 0; len(s1) != 0; len(s1) == 0; i[primary_index] is None or i[primary_index] == ''; len(s1) > z. implementation: app_farm/views.py.",Active,low,,"Shows all states saved using group by in farm, there is no specific state model."
,API,app_farm/urls.py,district_list/,"Endpoint: /api/district_list/; Handler: views.location_list_district.as_view(); Methods: GET Technical details: extends APIView. implements GET handlers. references models.farm, models.tb_application_access. reads request.GET. filters querysets. invokes serializer classes or serializer validation. returns a DRF/Django response. explicit conditions include: state1 is not None; len(serializer1.data) != 0; lang == '0'; len(s1) != 0; len(s1) == 0. implementation: app_farm/views.py.",Active,low,,Shows district list saved in farm
,API,app_farm/urls.py,taluka_list/,"Endpoint: /api/taluka_list/; Handler: views.location_list_taluka.as_view(); Methods: GET Technical details: extends APIView. implements GET handlers. references models.farm, models.tb_application_access. reads request.GET. filters querysets. invokes serializer classes or serializer validation. returns a DRF/Django response. explicit conditions include: state1 is not None; district1 is not None; len(serializer1.data) != 0; lang == '0'; lang == '0'. implementation: app_farm/views.py.",Active,low,,shows taluka list saved in farm table
,API,app_farm/urls.py,village_list/,"Endpoint: /api/village_list/; Handler: views.location_list_village.as_view(); Methods: GET Technical details: extends APIView. implements GET handlers. references models.farm, models.tb_application_access. reads request.GET. filters querysets. invokes serializer classes or serializer validation. returns a DRF/Django response. explicit conditions include: state1 is not None; district1 is not None; taluka1 is not None; len(serializer1.data) != 0; lang == '0'. implementation: app_farm/views.py.",Active,low,,shows village list using farm table
,API,app_farm/urls.py,location_list_admin/,"Endpoint: /api/location_list_admin/; Handler: views.location_list_admin.as_view(); Methods: GET Technical details: extends APIView. implements GET handlers. references models.farm, models.tb_application_access. reads request.GET. filters querysets. invokes serializer classes or serializer validation. returns a DRF/Django response. explicit conditions include: state1 is not None; district1 is not None; taluka1 is not None; village1 is not None; len(serializer1.data) != 0. implementation: app_farm/views.py.",Inactive,never,,"Business Logic: This API is used to retrieve the relevant application data for the requesting user or administrative workflow. Data flow: applies queryset/filtering rules, uses serializer validation/serialization, reads query parameters. Key business/validation rules documented in the KT: state1 is not None; district1 is not None; taluka1 is not None; village1 is not None; len(serializer1.data) != 0. Implementation: app_farm/views.py. Status note: This endpoint is not present in the supplied live API inventory, so it is marked Inactive for KT purposes."
,API,app_farm/urls.py,state_list_admin/,"Endpoint: /api/state_list_admin/; Handler: views.location_list_admin_state.as_view(); Methods: GET Technical details: extends APIView. implements GET handlers. references models.farm, models.tb_application_access. reads request.GET. filters querysets. invokes serializer classes or serializer validation. returns a DRF/Django response. explicit conditions include: len(serializer1.data) != 0; len(rm_list) != 0; len(s1) != 0; len(s1) == 0; count > 0. implementation: app_farm/views.py.",Active,low,,Shows list of state according to org
,API,app_farm/urls.py,district_list_admin/,"Endpoint: /api/district_list_admin/; Handler: views.location_list_admin_district.as_view(); Methods: GET Technical details: extends APIView. implements GET handlers. references models.farm, models.tb_application_access. reads request.GET. filters querysets. invokes serializer classes or serializer validation. returns a DRF/Django response. explicit conditions include: state1 is not None; len(serializer1.data) != 0; lang == 0; len(qs) != 0; len(qs) == 0. implementation: app_farm/views.py.",Active,low,,shows district list according to org
,API,app_farm/urls.py,taluka_list_admin/,"Endpoint: /api/taluka_list_admin/; Handler: views.location_list_admin_taluka.as_view(); Methods: GET Technical details: extends APIView. implements GET handlers. references models.farm, models.tb_application_access. reads request.GET. filters querysets. invokes serializer classes or serializer validation. returns a DRF/Django response. explicit conditions include: state1 is not None; district1 is not None; len(serializer1.data) != 0; lang == 0; lang == 0. implementation: app_farm/views.py.",Active,low,,shows taluka list according to org
,API,app_farm/urls.py,village_list_admin/,"Endpoint: /api/village_list_admin/; Handler: views.location_list_admin_village.as_view(); Methods: GET Technical details: extends APIView. implements GET handlers. references models.farm, models.tb_application_access. reads request.GET. filters querysets. invokes serializer classes or serializer validation. returns a DRF/Django response. explicit conditions include: state1 is not None; district1 is not None; taluka1 is not None; len(serializer1.data) != 0; lang == 0. implementation: app_farm/views.py.",Active,low,,shows village list according to org
,API,app_farm/urls.py,org_details/,"Endpoint: /api/org_details/; Handler: views.org_details.as_view(); Methods: GET Technical details: extends APIView. implements GET handlers. references models.farm, models.organizations, models.tb_application_access. reads request.GET. filters querysets; saves model instances. invokes serializer classes or serializer validation. returns a DRF/Django response. explicit conditions include: len(serializer1.data) != 0; qs.stress_data is not None; qs; qs.damaged_data is not None; qs.acre_data is not None. implementation: app_farm/views.py.",Active,low,,"Shows organisation details, all the details showed at home page in app like members count yield data, what crop is being used and other org related data"
,API,app_farm/urls.py,stressed_farms/,"Endpoint: /api/stressed_farms/; Handler: views.farm_stress.as_view(); Methods: GET Technical details: extends APIView. implements GET handlers. references models.farm, models.tb_application_access. reads request.GET. filters querysets. invokes serializer classes or serializer validation. returns a DRF/Django response. explicit conditions include: len(serializer1.data) != 0; len(serializer.data) != 0; len(serializer.data) == 0. implementation: app_farm/views.py.",Inactive,never,,"Handles GET requests: retrieves and filters records; uses farm, tb_application_access data; validates and serializes request or response data; reads request.GET; branches on conditions such as len(serializer1.data) != 0; len(serializer.data) != 0; len(serializer.data) == 0."
,API,app_farm/urls.py,add_compliance/,Endpoint: /api/add_compliance/; Handler: views.Addcompliance.as_view(); Methods: POST Technical details: extends generics.CreateAPIView. uses serializer: serializers.complianceSerializer. saves model instances. explicit conditions include: instance.document_name == 'aadhaarProofDocument'; instance.document_name == 'bankStatement'; instance.document_name == 'businessPAN'; instance.document_name == 'gstProof'. implementation: app_farm/views.py.,Active,low,,Business Logic: This API is used to create/store the relevant application record after validation. Data flow: persists updates to model instances. Key business/validation rules documented in the KT: instance.document_name == 'aadhaarProofDocument'; instance.document_name == 'bankStatement'; instance.document_name == 'businessPAN'; instance.document_name == 'gstProof'. Implementation: app_farm/views.py. Live API inventory reference: addDocumentURL.
,API,app_farm/urls.py,doc_list/,"Endpoint: /api/doc_list/; Handler: views.doc_list.as_view(); Methods: GET Technical details: extends APIView. implements GET handlers. references models.compliance, models.tb_application_access. reads request.GET. filters querysets. invokes serializer classes or serializer validation. returns a DRF/Django response. explicit conditions include: len(serializer1.data) != 0; len(serializer.data) != 0; len(serializer.data) == 0. implementation: app_farm/views.py.",Active,low,,"Shows lst of type doc in compliance, we save for the verification of users"
,API,app_farm/urls.py,doc_view/,"Endpoint: /api/doc_view/; Handler: views.doc_view.as_view(); Methods: GET Technical details: extends APIView. implements GET handlers. references models.compliance, models.tb_application_access. reads request.GET. filters querysets. invokes serializer classes or serializer validation. returns a DRF/Django response. explicit conditions include: len(serializer1.data) != 0; len(serializer.data) != 0; len(serializer.data) == 0. implementation: app_farm/views.py.",Inactive,never,,"Business Logic: This API is used to support the corresponding application workflow described by the endpoint name and implementation. Data flow: applies queryset/filtering rules, uses serializer validation/serialization, reads query parameters. Key business/validation rules documented in the KT: len(serializer1.data) != 0; len(serializer.data) != 0; len(serializer.data) == 0. Implementation: app_farm/views.py. Status note: This endpoint is not present in the supplied live API inventory, so it is marked Inactive for KT purposes."
,API,app_farm/urls.py,update_doc/,"Endpoint: /api/update_doc/; Handler: views.update_doc.as_view(); Methods: GET Technical details: extends APIView. implements GET handlers. references models.live_feed, models.tb_application_access. reads request.GET. filters querysets. invokes serializer classes or serializer validation. returns a DRF/Django response. explicit conditions include: len(serializer1.data) != 0. implementation: app_farm/views.py.",Inactive,never,,"Business Logic: This API is used to update the relevant application record using the submitted data and endpoint validations. Data flow: applies queryset/filtering rules, uses serializer validation/serialization, reads query parameters. Key business/validation rules documented in the KT: len(serializer1.data) != 0. Implementation: app_farm/views.py. Status note: This endpoint is not present in the supplied live API inventory, so it is marked Inactive for KT purposes."
,API,app_farm/urls.py,delete_doc/,"Endpoint: /api/delete_doc/; Handler: views.delete_doc.as_view(); Methods: GET Technical details: extends APIView. implements GET handlers. references models.compliance, models.tb_application_access. reads request.GET. filters querysets. invokes serializer classes or serializer validation. returns a DRF/Django response. explicit conditions include: len(serializer1.data) != 0. implementation: app_farm/views.py.",Active,low,,api is used for removing compliance doc
,API,app_farm/urls.py,add_input/,Endpoint: /api/add_input/; Handler: views.AddInputCatalogue.as_view(); Methods: POST Technical details: extends generics.CreateAPIView. uses serializer: serializers.addinputcatalogueSerializer. implementation: app_farm/views.py.,Active,low,,It inputs catalogue that we show the data
,API,app_farm/urls.py,product_category/,"Endpoint: /api/product_category/; Handler: views.product_category_list.as_view(); Methods: GET Technical details: extends APIView. implements GET handlers. references models.product_category, models.tb_application_access. reads request.GET. filters querysets. invokes serializer classes or serializer validation. returns a DRF/Django response. explicit conditions include: len(serializer1.data) != 0; len(serializer.data) != 0; len(serializer.data) == 0. implementation: app_farm/views.py.",Inactive,never,,"Business Logic: This API is used to retrieve or manage agricultural input/product catalog or farmer requests. Data flow: applies queryset/filtering rules, uses serializer validation/serialization, reads query parameters. Key business/validation rules documented in the KT: len(serializer1.data) != 0; len(serializer.data) != 0; len(serializer.data) == 0. Implementation: app_farm/views.py. Status note: This endpoint is not present in the supplied live API inventory, so it is marked Inactive for KT purposes."
,API,app_farm/urls.py,add_farmer_request/,Endpoint: /api/add_farmer_request/; Handler: views.AddFarmerRequest.as_view(); Methods: POST Technical details: extends generics.CreateAPIView. uses serializer: serializers.addfarmer_requestSerializer. implementation: app_farm/views.py.,Active,low,,"add request for farmer to join fpo, not needed cause farmer are being added from inside"
,API,app_farm/urls.py,product_list_input/,"Endpoint: /api/product_list_input/; Handler: views.product_list_input.as_view(); Methods: GET Technical details: extends APIView. implements GET handlers. references models.input_catalogue, models.tb_application_access. reads request.GET. filters querysets. invokes serializer classes or serializer validation. returns a DRF/Django response. explicit conditions include: len(serializer1.data) != 0; len(serializer.data) != 0; len(serializer.data) == 0. implementation: app_farm/views.py.",Active,low,,can show list of product in api 
,API,app_farm/urls.py,product_details/,"Endpoint: /api/product_details/; Handler: views.product_details.as_view(); Methods: GET Technical details: extends APIView. implements GET handlers. references models.product_variants, models.tb_application_access. reads request.GET. filters querysets. invokes serializer classes or serializer validation. returns a DRF/Django response. explicit conditions include: len(serializer1.data) != 0; len(serializer.data) != 0; len(serializer.data) == 0. implementation: app_farm/views.py.",Inactive,never,,"Business Logic: This API is used to retrieve or manage agricultural input/product catalog or farmer requests. Data flow: applies queryset/filtering rules, uses serializer validation/serialization, reads query parameters. Key business/validation rules documented in the KT: len(serializer1.data) != 0; len(serializer.data) != 0; len(serializer.data) == 0. Implementation: app_farm/views.py. Status note: This endpoint is not present in the supplied live API inventory, so it is marked Inactive for KT purposes."
,API,app_farm/urls.py,farmer_request_list/,"Endpoint: /api/farmer_request_list/; Handler: views.farmer_request_list.as_view(); Methods: GET Technical details: extends APIView. implements GET handlers. references models.farmer_request, models.tb_application_access. reads request.GET. filters querysets. invokes serializer classes or serializer validation. returns a DRF/Django response. explicit conditions include: len(serializer1.data) != 0; len(serializer.data) != 0; len(serializer.data) == 0. implementation: app_farm/views.py.",Active,low,,Shows the list of farmer who requested to join fpo
,API,app_farm/urls.py,admin_request_list/,"Endpoint: /api/admin_request_list/; Handler: views.admin_request_list.as_view(); Methods: GET Technical details: extends APIView. implements GET handlers. references models.farmer_request, models.tb_application_access. reads request.GET. filters querysets. invokes serializer classes or serializer validation. returns a DRF/Django response. explicit conditions include: len(serializer1.data) != 0; status is not None; len(serializer.data) != 0; len(serializer.data) == 0. implementation: app_farm/views.py.",Active,low,,"Business Logic: This API is used to retrieve the relevant application data for the requesting user or administrative workflow. Data flow: applies queryset/filtering rules, uses serializer validation/serialization, reads query parameters. Key business/validation rules documented in the KT: len(serializer1.data) != 0; status is not None; len(serializer.data) != 0; len(serializer.data) == 0. Implementation: app_farm/views.py. Live API inventory reference: adminRequestListURL."
,API,app_farm/urls.py,update_request_status/,"Endpoint: /api/update_request_status/; Handler: views.update_request_status.as_view(); Methods: GET Technical details: extends APIView. implements GET handlers. references models.farmer_request, models.tb_application_access. reads request.GET. filters querysets. invokes serializer classes or serializer validation. returns a DRF/Django response. explicit conditions include: len(serializer1.data) != 0. implementation: app_farm/views.py.",Active,low,,Admin can update the request of famer 
,API,app_farm/urls.py,app_configuration/,"Endpoint: /api/app_configuration/; Handler: views.app_configuration.as_view(); Methods: GET Technical details: extends APIView. implements GET handlers. references models.app_configuration, models.tb_application_access. reads request.GET. filters querysets. invokes serializer classes or serializer validation. returns a DRF/Django response. explicit conditions include: len(serializer1.data) != 0; len(serializer.data) != 0; len(serializer.data) == 0. implementation: app_farm/views.py.",Inactive,low,,"Business Logic: This API is used to support the corresponding application workflow described by the endpoint name and implementation. Data flow: applies queryset/filtering rules, uses serializer validation/serialization, reads query parameters. Key business/validation rules documented in the KT: len(serializer1.data) != 0; len(serializer.data) != 0; len(serializer.data) == 0. Implementation: app_farm/views.py. Status note: This endpoint is not present in the supplied live API inventory, so it is marked Inactive for KT purposes."
,API,app_farm/urls.py,update_firsttimelogin/,"Endpoint: /api/update_firsttimelogin/; Handler: views.update_firsttimelogin.as_view(); Methods: GET Technical details: extends APIView. implements GET handlers. references models.tb_application_access, models.user. reads request.GET. filters querysets. invokes serializer classes or serializer validation. returns a DRF/Django response. explicit conditions include: len(serializer1.data) != 0. implementation: app_farm/views.py.",Active,low,,it stores timstamp when user logs in for the first time 
,API,app_farm/urls.py,Update_profile/,"Endpoint: /api/Update_profile/; Handler: views.update_profile.as_view(); Methods: GET Technical details: extends APIView. implements GET handlers. references models.tb_application_access, models.user. reads request.GET. filters querysets. invokes serializer classes or serializer validation. returns a DRF/Django response. explicit conditions include: len(serializer1.data) != 0; full_name is not None; full_name_telugu is not None; description; org_id is not None. implementation: app_farm/views.py.",Active,low,,this api also updates the profile of the users
,API,app_farm/urls.py,update_profileimg/,"Endpoint: /api/update_profileimg/; Handler: views.update_profileimg.as_view(); Methods: GET Technical details: extends APIView. implements GET handlers. references models.tb_application_access, models.user. reads request.GET. filters querysets. invokes serializer classes or serializer validation. returns a DRF/Django response. explicit conditions include: len(serializer1.data) != 0. implementation: app_farm/views.py.",Inactive,never,,"Business Logic: This API is used to update the relevant application record using the submitted data and endpoint validations. Data flow: applies queryset/filtering rules, uses serializer validation/serialization, reads query parameters. Key business/validation rules documented in the KT: len(serializer1.data) != 0. Implementation: app_farm/views.py. Status note: This endpoint is not present in the supplied live API inventory, so it is marked Inactive for KT purposes."
,API,app_farm/urls.py,phonenumber_check/,Endpoint: /api/phonenumber_check/; Handler: views.check_phone_no_status.as_view(); Methods: GET Technical details: extends APIView. implements GET handlers. references models.user_phonenumber_map. reads request.GET. filters querysets. invokes serializer classes or serializer validation. returns a DRF/Django response. explicit conditions include: phone_no is not None; len(phone_no) != 10 or not phone_no.isnumeric(). implementation: app_farm/views.py.,Inactive,never,,"Business Logic: This API is used to support the corresponding application workflow described by the endpoint name and implementation. Data flow: applies queryset/filtering rules, uses serializer validation/serialization, reads query parameters. Key business/validation rules documented in the KT: phone_no is not None; len(phone_no) != 10 or not phone_no.isnumeric(). Implementation: app_farm/views.py. Status note: This endpoint is not present in the supplied live API inventory, so it is marked Inactive for KT purposes."
,API,app_farm/urls.py,hook-live-feed/,"Endpoint: /api/hook-live-feed/; Handler: views.HookLiveFeed.as_view(); Methods: POST Technical details: extends APIView. implements POST handlers. references models.LivefeedUser, models.live_feed, models.organizations, models.user. reads request.data. filters querysets; saves model instances. explicit conditions include: data['type'] == 'peer.join.success'; org; org; org; org. implementation: app_farm/views.py.",Inactive,never,,"Business Logic: This API is used to support the corresponding application workflow described by the endpoint name and implementation. Data flow: applies queryset/filtering rules, persists updates to model instances, reads submitted request payload data. Key business/validation rules documented in the KT: data['type'] == 'peer.join.success'; org; org; org; org. Implementation: app_farm/views.py. Status note: This endpoint is not present in the supplied live API inventory, so it is marked Inactive for KT purposes."
,API,app_farm/urls.py,get_social_tag_list/,"Endpoint: /api/get_social_tag_list/; Handler: views.GetSocialPostTagList.as_view(); Methods: GET Technical details: extends APIView, PageNumberPagination. implements GET handlers. declares queryset: self.get_queryset(...). authentication: [CustomTokenAuthentication]. permissions: [IsAuthenticated]. references models.SocialPostTag. filters querysets; paginates results; returns paginated results. invokes serializer classes or serializer validation. explicit conditions include: page. implementation: app_farm/views.py.",Active,low,,this api gets social tags list for communtiy post
,API,app_farm/urls.py,org_tag_details/,"Endpoint: /api/org_tag_details/; Handler: views.OrganizationTagDetails.as_view(); Methods: GET Technical details: extends APIView. implements GET handlers. references models.organizations, models.tb_application_access. reads request.GET. filters querysets. invokes serializer classes or serializer validation. returns a DRF/Django response. explicit conditions include: len(serializer1.data) == 0; org_id; project; cadre; state. implementation: app_farm/views.py.",Active,low,,"Shows details of organisations details, tags represents a args that can be used as any attribute "
,API,app_farm/urls.py,sell-records/,"Endpoint: /api/sell-records/; Handler: views.SellRecordsAPI.as_view(); Methods: GET, POST Technical details: extends APIView, PageNumberPagination. implements GET, POST handlers. declares queryset: self.get_queryset(...). authentication: [CustomTokenAuthentication]. permissions: [IsAuthenticated]. references models.SellRecords. reads request.data, request.user. filters querysets; saves model instances; paginates results; returns paginated results. invokes serializer classes or serializer validation. explicit conditions include: page is not None; serializer.is_valid(). implementation: app_farm/views.py.",Active,low,,"Business Logic: This API is used to manage or retrieve farmer farm-activity records and activity execution data. Authentication: CustomTokenAuthentication. Authorization: IsAuthenticated. Data flow: applies queryset/filtering rules, persists updates to model instances, supports paginated result retrieval, uses serializer validation/serialization, reads submitted request payload data. Key business/validation rules documented in the KT: page is not None; serializer.is_valid(). Implementation: app_farm/views.py. Live API inventory reference: sellRecordsUrl."
,API,app_farm/urls.py,application_access_list/,Endpoint: /api/application_access_list/; Handler: views.application_access_list.as_view(); Methods: GET Technical details: extends APIView. implements GET handlers. authentication: [CustomTokenAuthentication]. permissions: [IsAuthenticated]. references models.tb_application_access. invokes serializer classes or serializer validation. returns a DRF/Django response. explicit conditions include: len(serializer.data) > 0. implementation: app_farm/views.py.,Inactive,never,,"Business Logic: This API is used to retrieve the relevant application data for the requesting user or administrative workflow. Authentication: CustomTokenAuthentication. Authorization: IsAuthenticated. Data flow: uses serializer validation/serialization. Key business/validation rules documented in the KT: len(serializer.data) > 0. Implementation: app_farm/views.py. Status note: This endpoint is not present in the supplied live API inventory, so it is marked Inactive for KT purposes."
,API,app_farm/urls.py,device/,"Endpoint: /api/device/; Handler: views.DeviceManagementView.as_view(); Methods: POST Technical details: extends APIView. implements POST handlers. authentication: [CustomTokenAuthentication]. permissions: [IsAuthenticated]. references models.UserDeviceManagement, models.user. reads request.data. retrieves model records; filters querysets. invokes serializer classes or serializer validation. returns a DRF/Django response. explicit conditions include: not serializer.is_valid(); action == 'login'; not devices.exists(); not devices.exists(); action == 'heartbeat'. implementation: app_farm/views.py.",Active,low,,"Business Logic: This API is used to record or retrieve application/device tracking information. Authentication: CustomTokenAuthentication. Authorization: IsAuthenticated. Data flow: retrieves existing records, applies queryset/filtering rules, uses serializer validation/serialization, reads submitted request payload data. Key business/validation rules documented in the KT: not serializer.is_valid(); action == 'login'; not devices.exists(); not devices.exists(); action == 'heartbeat'. Implementation: app_farm/views.py. Live API inventory reference: trackApp."
,API,app_farm/urls.py,analytics/,Endpoint: /api/analytics/; Handler: views.AnalyticsView.as_view(); Methods: GET Technical details: extends APIView. implements GET handlers. declares queryset: queryset.filter(...). authentication: [CustomTokenAuthentication]. permissions: [IsAuthenticated]. references models.UserDeviceManagement. reads request.query_params. filters querysets. invokes serializer classes or serializer validation. returns a DRF/Django response. explicit conditions include: not date_str; org_id; not user_id; date_from; query_type == 'user-devices'. implementation: app_farm/views.py.,Inactive,never,,"Business Logic: This API is used to support the corresponding application workflow described by the endpoint name and implementation. Authentication: CustomTokenAuthentication. Authorization: IsAuthenticated. Data flow: applies queryset/filtering rules, uses serializer validation/serialization. Key business/validation rules documented in the KT: not date_str; org_id; not user_id; date_from; query_type == 'user-devices'. Implementation: app_farm/views.py. Status note: This endpoint is not present in the supplied live API inventory, so it is marked Inactive for KT purposes."
,API,app_farm/urls.py,admin/managed-users/,"Endpoint: /api/admin/managed-users/; Handler: views.AdminManagedUserList.as_view(); Methods: GET Technical details: extends APIView, PageNumberPagination. implements GET handlers. declares queryset: queryset.filter(...). authentication: [CustomTokenAuthentication]. permissions: [IsAuthenticated]. references models.user. reads request.GET, request.user. paginates results; returns paginated results. invokes serializer classes or serializer validation. explicit conditions include: organization_id; user_type in ('farmer', 'farmers'); search; not has_admin_org_edit_access(request.user); page is not None. implementation: app_farm/views.py.",Active,low,,"Business Logic: This API is used to retrieve or manage organization users/farmer records. Authentication: CustomTokenAuthentication. Authorization: IsAuthenticated. Data flow: supports paginated result retrieval, uses serializer validation/serialization, reads query parameters. Key business/validation rules documented in the KT: organization_id; user_type in ('farmer', 'farmers'); search; not has_admin_org_edit_access(request.user); page is not None. Implementation: app_farm/views.py. Live API inventory reference: getOrgUserListURL."
,API,app_farm/urls.py,admin/users/<int:user_id>/active-status/,"Endpoint: /api/admin/users/<int:user_id>/active-status/; Handler: views.AdminUserActiveStatusUpdate.as_view(); Methods: PATCH Technical details: extends APIView. implements PATCH handlers. authentication: [CustomTokenAuthentication]. permissions: [IsAuthenticated]. references models.user. reads request.data, request.user. saves model instances. invokes serializer classes or serializer validation. explicit conditions include: not has_admin_org_edit_access(request.user). implementation: app_farm/views.py.",Active,low,,"Business Logic: This API is used to retrieve or manage organization users/farmer records. Authentication: CustomTokenAuthentication. Authorization: IsAuthenticated. Data flow: persists updates to model instances, uses serializer validation/serialization, reads submitted request payload data. Key business/validation rules documented in the KT: not has_admin_org_edit_access(request.user). Implementation: app_farm/views.py. Live API inventory reference: adminUserActiveStatusUrl."
,API,app_farm/urls.py,admin/users/<int:user_id>/cvrp-status/,Endpoint: /api/admin/managed-users/; Handler: views.AdminManagedUserList.as_view(); Methods: GET Technical details: route declaration or handler could not be resolved from the current source.,Active,low,,Business Logic: This API is used to manage/update the user's CVRP status. Live API inventory reference: getOrgUserListURL.
,API,app_farm/urls.py,admin/organizations/<int:org_id>/update/,"Endpoint: /api/admin/organizations/<int:org_id>/update/; Handler: views.AdminOrganizationUpdate.as_view(); Methods: PATCH Technical details: extends APIView. implements PATCH handlers. authentication: [CustomTokenAuthentication]. permissions: [IsAuthenticated]. references models.Tag, models.TagOrganization, models.TagType, models.organizations. reads request.data, request.user. creates model records; filters querysets; saves model instances. invokes serializer classes or serializer validation. explicit conditions include: not has_admin_org_edit_access(request.user); state_value is not None; cadre_value is not None; project_value is not None; isinstance(tag_name, (list, tuple, set)). implementation: app_farm/views.py.",Active,low,,"Business Logic: This API is used to retrieve or manage organization/FPO information and its users/members. Authentication: CustomTokenAuthentication. Authorization: IsAuthenticated. Data flow: creates the required database records, applies queryset/filtering rules, persists updates to model instances, uses serializer validation/serialization, reads submitted request payload data. Key business/validation rules documented in the KT: not has_admin_org_edit_access(request.user); state_value is not None; cadre_value is not None; project_value is not None; isinstance(tag_name, (list, tuple, set)). Implementation: app_farm/views.py. Live API inventory reference: updateOrganizationUrl."
,API,app_farm/urls.py,admin/tag-options/,Endpoint: /api/admin/tag-options/; Handler: views.TagOptionsView.as_view(); Methods: GET Technical details: extends APIView. implements GET handlers. authentication: [CustomTokenAuthentication]. permissions: [IsAuthenticated]. references models.Tag. filters querysets. explicit conditions include: not (raw.startswith('[') and raw.endswith(']')). implementation: app_farm/views.py.,Active,low,,Business Logic: This API is used to retrieve or manage organization/social tag information. Authentication: CustomTokenAuthentication. Authorization: IsAuthenticated. Data flow: applies queryset/filtering rules. Key business/validation rules documented in the KT: not (raw.startswith('[') and raw.endswith(']')). Implementation: app_farm/views.py. Live API inventory reference: adminTagUrl.
,API,app_farm/urls.py,user_role/,Endpoint name: user_role/; route declaration requires review Technical details: route declaration or handler could not be resolved from the current source.,Inactive,never,,"Business Logic: This API is used to support the corresponding application workflow described by the endpoint name and implementation. Status note: This endpoint is not present in the supplied live API inventory, so it is marked Inactive for KT purposes."
,API,app_farm/urls.py,add_gallery/,Endpoint name: add_gallery/; route declaration requires review Technical details: route declaration or handler could not be resolved from the current source.,Inactive,never,,"Business Logic: This API is used to create/store the relevant application record after validation. Status note: This endpoint is not present in the supplied live API inventory, so it is marked Inactive for KT purposes."
,API,app_farm/routes.py,farmer/,Include: farmer_api; Mounted at: /api/v1/farmer/ Technical details: route declaration or handler could not be resolved from the current source.,Inactive,never,,Business logic could not be resolved from the current route declaration.
,API,app_farm/routes.py,news/,Include: news_api; Mounted at: /api/v1/news/ Technical details: route declaration or handler could not be resolved from the current source.,Inactive,never,,"Business Logic: This API is used to retrieve application news/content. Status note: This endpoint is not present in the supplied live API inventory, so it is marked Inactive for KT purposes."
,API,app_farm/routes.py,auth/,Include: auth_api; Mounted at: /api/v1/auth/ Technical details: route declaration or handler could not be resolved from the current source.,Inactive,never,,"Business Logic: This API is used to authenticate users or support account registration/OTP verification. Status note: This endpoint is not present in the supplied live API inventory, so it is marked Inactive for KT purposes."
,API,app_farm/routes.py,org/,Include: org_api; Mounted at: /api/v1/org/ Technical details: route declaration or handler could not be resolved from the current source.,Inactive,never,,"Business Logic: This API is used to retrieve or manage organization/FPO information and its users/members. Status note: This endpoint is not present in the supplied live API inventory, so it is marked Inactive for KT purposes."
broadcast,Module Itself,,broadcast,,Active,low,,
,API,broadcast/urls.py,sms-templates,Endpoint: /api/v1/broadcast/sms-templates; Handler: views.GetSmsTemplateList.as_view(); Methods: GET Technical details: extends APIView. implements GET handlers. authentication: [CustomTokenAuthentication]. permissions: [IsAuthenticated]. references models.SmsTemplate. reads request.GET. filters querysets. explicit conditions include: not language; language != '2'. implementation: broadcast/views.py.,Active,low,,shows list of sms template
,API,broadcast/urls.py,sms-template-detail,Endpoint: /api/v1/broadcast/sms-template-detail; Handler: views.GetSmsTemplateDetail.as_view(); Methods: GET Technical details: extends APIView. implements GET handlers. authentication: [CustomTokenAuthentication]. permissions: [IsAuthenticated]. references models.SmsTemplate. reads request.GET. retrieves model records. explicit conditions include: not sms_template_id. implementation: broadcast/views.py.,Active,low,,shows detail of template
,API,broadcast/urls.py,send-group-sms,"Endpoint: /api/v1/broadcast/send-group-sms; Handler: views.SendGroupSms.as_view(); Methods: POST Technical details: extends APIView, SubscriptionRequiredMixin. implements POST handlers. authentication: [CustomTokenAuthentication]. permissions: [IsAuthenticated]. reads request.data, request.user. explicit conditions include: request.data == None; type(body_data) == str; not validation.is_valid(); not data['status']; requested_number_of_contact > remaining_service. implementation: broadcast/views.py.",Inactive,never,,"Business Logic: This API is used to send or manage user notifications/messages. Authentication: CustomTokenAuthentication. Authorization: IsAuthenticated. Data flow: reads submitted request payload data. Key business/validation rules documented in the KT: request.data == None; type(body_data) == str; not validation.is_valid(); not data['status']; requested_number_of_contact > remaining_service. Implementation: broadcast/views.py. Status note: This endpoint is not present in the supplied live API inventory, so it is marked Inactive for KT purposes."
,API,broadcast/urls.py,get-community-share,"Endpoint: /api/v1/broadcast/get-community-share; Handler: views.GetCommunitiesShare.as_view(); Methods: GET Technical details: extends APIView, PageNumberPagination. implements GET handlers. declares queryset: self.get_queryset(...). authentication: [CustomTokenAuthentication]. permissions: [IsAuthenticated]. filters querysets; paginates results; returns paginated results. explicit conditions include: page; not communities; communities. implementation: broadcast/views.py.",Active,low,,"Business Logic: This API is used to manage community/social content, interactions, reports, or live-feed activity. Authentication: CustomTokenAuthentication. Authorization: IsAuthenticated. Data flow: applies queryset/filtering rules, supports paginated result retrieval. Key business/validation rules documented in the KT: page; not communities; communities. Implementation: broadcast/views.py. Live API inventory reference: getCommunityListURL."
certification_card,Module Itself,,certification_card,,Active,low,,"not necessary now, idea has benn dropped"
,API,certification_card/urls.py,get-certifications/,Endpoint: /api/v1/certification_card/get-certifications/; Handler: views.GetAllCertification.as_view(); Methods: GET Technical details: extends APIView. implements GET handlers. authentication: [CustomTokenAuthentication]. permissions: [IsAuthenticated]. returns a DRF/Django response. explicit conditions include: data; data. implementation: certification_card/views.py.,Inactive,never,,"Business Logic: This API is used to retrieve the relevant application data for the requesting user or administrative workflow. Authentication: CustomTokenAuthentication. Authorization: IsAuthenticated. Key business/validation rules documented in the KT: data; data. Implementation: certification_card/views.py. Status note: This endpoint is not present in the supplied live API inventory, so it is marked Inactive for KT purposes."
,API,certification_card/urls.py,create-certification/,"Endpoint: /api/v1/certification_card/create-certification/; Handler: views.AddCeritfication.as_view(); Methods: POST Technical details: extends APIView. implements POST handlers. authentication: [CustomTokenAuthentication]. permissions: [IsAuthenticated]. reads request.FILES, request.POST. creates model records; filters querysets. returns a DRF/Django response. explicit conditions include: not validator.is_valid(); file. implementation: certification_card/views.py.",Inactive,never,,"Business Logic: This API is used to create/store the relevant application record after validation. Authentication: CustomTokenAuthentication. Authorization: IsAuthenticated. Data flow: creates the required database records, applies queryset/filtering rules. Key business/validation rules documented in the KT: not validator.is_valid(); file. Implementation: certification_card/views.py. Status note: This endpoint is not present in the supplied live API inventory, so it is marked Inactive for KT purposes."
,API,certification_card/urls.py,get-certification-farmer/<farmerid>/,Endpoint: /api/v1/certification_card/get-certification-farmer/<farmerid>/; Handler: views.GetCertificationOfFarmer.as_view(); Methods: GET Technical details: extends APIView. implements GET handlers. authentication: [CustomTokenAuthentication]. permissions: [IsAuthenticated]. filters querysets. returns a DRF/Django response. explicit conditions include: data; data. implementation: certification_card/views.py.,Inactive,never,,Handles GET requests: retrieves and filters records; validates and serializes request or response data; branches on conditions such as data.
,API,certification_card/urls.py,get-badge/<farmerid>/,Endpoint: /api/v1/certification_card/get-badge/<farmerid>/; Handler: views.GetUserBadge.as_view(); Methods: GET Technical details: extends APIView. implements GET handlers. authentication: [CustomTokenAuthentication]. permissions: [IsAuthenticated]. filters querysets. returns a DRF/Django response. explicit conditions include: data; data. implementation: certification_card/views.py.,Inactive,never,,Handles GET requests: retrieves and filters records; validates and serializes request or response data; branches on conditions such as data.
,API,certification_card/urls.py,get-graph/<farmid>/<certificateid>/,Endpoint name: get-graph/<farmid>/<certificateid>/; route declaration requires review Technical details: route declaration or handler could not be resolved from the current source.,Inactive,never,,Business logic could not be resolved from the current route declaration.
,API,certification_card/urls.py,upload-graph/,Endpoint: /api/v1/certification_card/upload-graph/; Handler: views.UploadCSVGraph.as_view(); Methods: GET Technical details: extends APIView. implements GET handlers. filters querysets; saves model instances. returns a DRF/Django response. implementation: certification_card/views.py.,Inactive,never,,"Business Logic: This API is used to support the corresponding application workflow described by the endpoint name and implementation. Data flow: applies queryset/filtering rules, persists updates to model instances. Implementation: certification_card/views.py. Status note: This endpoint is not present in the supplied live API inventory, so it is marked Inactive for KT purposes."
cms,Module Itself,,cms,,Active,,,
,API,cms/urls.py,page_details,Endpoint: /api/v1/cms/page_details; Handler: views.GetPageDetails.as_view(); Methods: POST Technical details: extends BaseView. implements POST handlers. references models.Page. filters querysets. implementation: cms/views.py.,Active,low,,shows list of pages where we can store content 
,API,cms/urls.py,get-config,Endpoint: /api/v1/cms/get-config; Handler: views.GetConfig.as_view(); Methods: GET Technical details: extends BaseViewWithoutAuthentication. implements GET handlers. references models.Setting. filters querysets. explicit conditions include: not verify_secret_key(req_data['key']). implementation: cms/views.py.,Active,low,,config details of cms pages
,API,cms/urls.py,get-lang-content,"Endpoint: /api/v1/cms/get-lang-content; Handler: views.GetLanguageContent.as_view(); Methods: GET, POST Technical details: extends APIView. implements GET, POST handlers. references models.LanguageContent. reads request.GET, request.data. retrieves model records; filters querysets; saves model instances. explicit conditions include: not key or not verify_secret_key(key); not language. implementation: cms/views.py.",Active,low,,"content data stored by lang, can fetch content by language"
core,Module Itself,,core,,Active,low,,
,API,core/urls.py,get-countries-list,Endpoint: /api/v1/core/get-countries-list; Handler: views.GetCountryList.as_view(); Methods: GET Technical details: extends BaseViewWithoutAuthentication. implements GET handlers. references models.Country. implementation: core/views.py.,Active,low,,shows list of countries
,API,core/urls.py,get-custom-form-details,Endpoint: /api/v1/core/get-custom-form-details; Handler: views.GetCustomFormDetails.as_view(); Methods: GET Technical details: extends BaseView. implements GET handlers. references models.CustomForm. retrieves model records. implementation: core/views.py.,Inactive,never,,"Business Logic: This API is used to retrieve configurable CMS, multilingual, page, or form content used by the application. Data flow: retrieves existing records. Implementation: core/views.py. Status note: This endpoint is not present in the supplied live API inventory, so it is marked Inactive for KT purposes."
,API,core/urls.py,get-custom-forms,"Endpoint: /api/v1/core/get-custom-forms; Handler: views.GetCustomForms.as_view(); Methods: GET Technical details: extends BaseView. implements GET handlers. references models.CustomForm, models.CustomFormParent. filters querysets. explicit conditions include: req_data.get('type'); req_data.get('id'). implementation: core/views.py.",Active,high,,list of custom forms 
,API,core/urls.py,get-user-ajax,Endpoint: /api/v1/core/get-user-ajax; Handler: views.GetUserAjax.as_view(); Methods: GET Technical details: extends APIView. implements GET handlers. reads request.GET. filters querysets. explicit conditions include: user_name; user_data. implementation: core/views.py.,Inactive,never,,"Business Logic: This API is used to retrieve the relevant application data for the requesting user or administrative workflow. Data flow: applies queryset/filtering rules, reads query parameters. Key business/validation rules documented in the KT: user_name; user_data. Implementation: core/views.py. Status note: This endpoint is not present in the supplied live API inventory, so it is marked Inactive for KT purposes."
,API,core/urls.py,live/,Endpoint: /api/v1/core/live/; Handler: views.liveness; Methods: declared by view Technical details: is a function-based handler. returns a DRF/Django response. implementation: core/views.py.,Inactive,never,,"Business Logic: This API is used to support the corresponding application workflow described by the endpoint name and implementation. Implementation: core/views.py. Status note: This endpoint is not present in the supplied live API inventory, so it is marked Inactive for KT purposes."
,API,core/urls.py,ready/,Endpoint: /api/v1/core/ready/; Handler: views.readiness; Methods: declared by view Technical details: is a function-based handler. returns a DRF/Django response. implementation: core/views.py.,Inactive,never,,"Business Logic: This API is used to support the corresponding application workflow described by the endpoint name and implementation. Implementation: core/views.py. Status note: This endpoint is not present in the supplied live API inventory, so it is marked Inactive for KT purposes."
,API,core/urls.py,search-user-name-phone,"Endpoint: /api/v1/core/search-user-name-phone; Handler: views.SearchUserByNamePhone.as_view(); Methods: GET Technical details: extends APIView. implements GET handlers. authentication: [CustomTokenAuthentication]. permissions: [IsAuthenticated]. reads request.GET, request.user. filters querysets. explicit conditions include: user_name; user_data. implementation: core/views.py.",Active,low,,can search user name with phone 
,API,core/urls.py,send-farm-csv,Endpoint: /api/v1/core/send-farm-csv; Handler: views.SendDailyFarmAddedDetails.as_view(); Methods: GET Technical details: extends APIView. implements GET handlers. filters querysets. explicit conditions include: farms_created_today; len(data); signed_url_response.get('success'); upload_response.status_code == 200; ccList. implementation: core/views.py.,Inactive,never,,Handles GET requests: retrieves and filters records; validates and serializes request or response data; may send notifications or messages; branches on conditions such as farms_created_today; len(data); signed_url_response.get('success'); upload_response.status_code == 200.
crons,Module Itself,,crons,,Active,,,
,Cron/Job,crons/views.py,DeductValidityDays,,,,,
,Cron/Job,crons/views.py,run_categorization_logic,,,,,
,Cron/Job,crons/views.py,update_farm_maps,,,,,
,Cron/Job,crons/views.py,process_chunk,,,,,
,Cron/Job,crons/views.py,run_parallel_jobs,,,,,
,Cron/Job,crons/views.py,my_cron_job,,,,,
farm_category,Module Itself,,farm_category,,Active,,,
,API,farm_category/urls.py,details,Endpoint: /api/v1/farm_category/details; Handler: views.GetFarmDetails.as_view(); Methods: POST Technical details: extends APIView. implements POST handlers. authentication: [CustomTokenAuthentication]. permissions: [IsAuthenticated]. reads request.data. retrieves model records; filters querysets. explicit conditions include: request.data == None; type(body_data) == str; not validation.is_valid(); ('local_boundary' not in farm_details.keys() or ('local_boundary' in farm_details.keys() and farm_details['local_boundary'] == None)) and...; farm_details['stress_data']. implementation: farm_category/views.py.,Active,medium,,shows farm details  for its map and boundary map
,API,farm_category/urls.py,run-script,Endpoint: /api/v1/farm_category/run-script; Handler: views.FarmCategoryScript.as_view(); Methods: POST Technical details: extends APIView. implements POST handlers. reads request.data. retrieves model records; saves model instances; uses an atomic transaction. explicit conditions include: request.data == None; type(body_data) == str. implementation: farm_category/views.py.,Inactive,never,,Handles POST requests: updates or saves existing records; retrieves related records as part of the workflow; keeps related writes atomic; reads request.data; branches on conditions such as request.data == None; type(body_data) == str.
,API,farm_category/urls.py,get-projected-farms/<crop_id>,Endpoint: /api/v1/farm_category/get-projected-farms/<crop_id>; Handler: views.GetProjectedFarms.as_view(); Methods: GET Technical details: extends APIView. implements GET handlers. authentication: [CustomTokenAuthentication]. permissions: [IsAuthenticated]. reads request.user. filters querysets. explicit conditions include: mandi_price and mandi_price['data']['total'] > 0; crop.crop_name in crop_data.keys() and avgprice == 0; max_yield; min_yield; current_month > 4. implementation: farm_category/views.py.,Inactive,never,,Handles GET requests: retrieves and filters records; reads request.user; branches on conditions such as mandi_price and mandi_price['data']['total'] > 0; crop.crop_name in crop_data.keys() and avgprice == 0; max_yield; min_yield.
,API,farm_category/urls.py,get-whole-farm/<crop_id>,Endpoint: /api/v1/farm_category/get-whole-farm/<crop_id>; Handler: views.GetWholeFarm.as_view(); Methods: GET Technical details: extends APIView. implements GET handlers. authentication: [CustomTokenAuthentication]. permissions: [IsAuthenticated]. reads request.user. filters querysets. explicit conditions include: organization.id == 1; first_whole_map; obj['otp_verified']; lat1 and long1 and lat2 and long2. implementation: farm_category/views.py.,Inactive,never,,Handles GET requests: retrieves and filters records; reads request.user; branches on conditions such as organization.id == 1; first_whole_map; obj['otp_verified']; lat1 and long1 and lat2 and long2.
,API,farm_category/urls.py,get-all-organization-crop/,Endpoint: /api/v1/farm_category/get-all-organization-crop/; Handler: views.GetOrganizationCrop.as_view(); Methods: GET Technical details: extends APIView. implements GET handlers. authentication: [CustomTokenAuthentication]. permissions: [IsAuthenticated]. reads request.user. implementation: farm_category/views.py.,Active,low,,"it shows all crop for organization, used to be used in the homepage , it also gets used for showing farm location on map"
,API,farm_category/urls.py,get-all-stressed-farm/,Endpoint: /api/v1/farm_category/get-all-stressed-farm/; Handler: views.GetTotalStressedFarm.as_view(); Methods: GET Technical details: extends APIView. implements GET handlers. authentication: [CustomTokenAuthentication]. permissions: [IsAuthenticated]. reads request.user. filters querysets. implementation: farm_category/views.py.,Active,,,this will show stressed farm list
,API,farm_category/urls.py,farm-details,Endpoint: /api/v1/farm_category/farm-details; Handler: views.FarmDetails.as_view(); Methods: POST Technical details: extends BaseViewWithoutAuthentication. implements POST handlers. implementation: farm_category/views.py.,Inactive,never,,not used
,API,farm_category/urls.py,run-cron-job,Endpoint: /api/v1/farm_category/run-cron-job; Handler: views.RunCronJob.as_view(); Methods: POST Technical details: extends BaseViewWithoutAuthentication. implements POST handlers. implementation: farm_category/views.py.,Active,high,,this is used to fetch data from prakshep to aryashakti for farm map data
,API,farm_category/urls.py,get-nearest-warehouse,"Endpoint: /api/v1/farm_category/get-nearest-warehouse; Handler: views.GetNearestWarehouse.as_view(); Methods: GET Technical details: extends APIView, PageNumberPagination. implements GET handlers. declares queryset: order_by(...). authentication: [CustomTokenAuthentication]. permissions: [IsAuthenticated]. reads request.GET. paginates results; returns paginated results. explicit conditions include: latitude and longitude; page. implementation: farm_category/views.py.",Active,low,,Fetches nearest warehouses to show on homepage map
,API,farm_category/urls.py,get-buyer-seller,"Endpoint: /api/v1/farm_category/get-buyer-seller; Handler: views.GetBuyersSellers.as_view(); Methods: GET Technical details: extends APIView, PageNumberPagination. implements GET handlers. declares queryset: order_by(...). authentication: [CustomTokenAuthentication]. permissions: [IsAuthenticated]. reads request.GET. paginates results; returns paginated results. explicit conditions include: type; latitude and longitude; page. implementation: farm_category/views.py.",Active,low,,shoes list of buyer seller on the map
,API,farm_category/urls.py,create-interest,"Endpoint: /api/v1/farm_category/create-interest; Handler: views.AddInterestUser.as_view(); Methods: POST Technical details: extends APIView. implements POST handlers. authentication: [CustomTokenAuthentication]. permissions: [IsAuthenticated]. reads request.data, request.user. creates model records. explicit conditions include: 'remarks' not in data; not interest. implementation: farm_category/views.py.",Active,low,,not needed in app too
,API,farm_category/urls.py,get-nearest-warehouse-clusture,"Endpoint: /api/v1/farm_category/get-nearest-warehouse-clusture; Handler: views.GetWarehouseClusterList.as_view(); Methods: POST Technical details: extends APIView, PageNumberPagination. implements POST handlers. declares queryset: order_by(...). permissions: [HasValidTokenPermission]. reads request.data. filters querysets; paginates results; returns paginated results. explicit conditions include: point and (not queryset.exists()); (not latitude or not longitude) and (not pincode); latitude and longitude; page is not None. implementation: farm_category/views.py.",Inactive,never,,Handles POST requests: retrieves and filters records; validates and serializes request or response data; returns paginated results; reads request.data; branches on conditions such as point and (not queryset.exists()); (not latitude or not longitude) and (not pincode); latitude and longitude; page is not None.
,API,farm_category/urls.py,getclusture-by-id/<warehouse_id>/,"Endpoint: /api/v1/farm_category/getclusture-by-id/<warehouse_id>/; Handler: views.GetWarehouseClusterByID.as_view(); Methods: GET Technical details: extends APIView, PageNumberPagination. implements GET handlers. permissions: [HasValidTokenPermission]. filters querysets. explicit conditions include: warehouse is not None. implementation: farm_category/views.py.",Inactive,never,,Handles GET requests: retrieves and filters records; validates and serializes request or response data; branches on conditions such as warehouse is not None.
,API,farm_category/urls.py,create-farm-boundary/<farm_id>/,"Endpoint: /api/v1/farm_category/create-farm-boundary/<farm_id>/; Handler: views.CreateManualFarmBoundary.as_view(); Methods: POST Technical details: extends APIView. implements POST handlers. authentication: [CustomTokenAuthentication]. permissions: [IsAuthenticated]. reads request.data, request.user. creates model records; filters querysets. explicit conditions include: farm_data.org_id != request.user.organization. implementation: farm_category/views.py.",Inactive,never,,"Handles POST requests: creates or submits new records; retrieves related records as part of the workflow; validates and serializes request or response data; reads request.data, request.user; branches on conditions such as farm_data.org_id != request.user.organization."
,API,farm_category/urls.py,get-all-warehouse,Endpoint: /api/v1/farm_category/get-all-warehouse; Handler: views.GetWarehouseList.as_view(); Methods: GET Technical details: extends APIView. implements GET handlers. declares queryset: self.get_queryset(...). authentication: []. permissions: []. explicit conditions include: queryset.exists(). implementation: farm_category/views.py.,Inactive,never,,Handles GET requests: retrieves and filters records; validates and serializes request or response data; branches on conditions such as queryset.exists().
,API,farm_category/urls.py,get-wholefarm-pp/,Endpoint: /api/v1/farm_category/get-wholefarm-pp/; Handler: views.GetWholeFarmPrithviPro.as_view(); Methods: POST Technical details: extends APIView. implements POST handlers. reads request.data. filters querysets. explicit conditions include: organization.id == 1; first_whole_map; obj['otp_verified']; lat1 and long1 and lat2 and long2. implementation: farm_category/views.py.,Inactive,never,,Handles POST requests: retrieves and filters records; validates and serializes request or response data; reads request.data; branches on conditions such as organization.id == 1; first_whole_map; obj['otp_verified']; lat1 and long1 and lat2 and long2.
,API,farm_category/urls.py,get-farm-list,"Endpoint: /api/v1/farm_category/get-farm-list; Handler: views.GetFarmListWithOrganization.as_view(); Methods: GET, POST Technical details: extends APIView, PageNumberPagination. implements GET, POST handlers. declares queryset: self.get_queryset(...). reads request.GET, request.data. filters querysets; paginates results; returns paginated results. explicit conditions include: page. implementation: farm_category/views.py.",Inactive,never,,"Handles GET, POST requests: retrieves and filters records; validates and serializes request or response data; returns paginated results; reads request.GET, request.data; branches on conditions such as page."
,API,farm_category/urls.py,get-single-farm-data/<farm_id>/,Endpoint: /api/v1/farm_category/get-single-farm-data/<farm_id>/; Handler: views.GetSingleFarmData.as_view(); Methods: POST Technical details: extends APIView. implements POST handlers. filters querysets. implementation: farm_category/views.py.,Inactive,never,,Handles POST requests: retrieves and filters records; validates and serializes request or response data.
,API,farm_category/urls.py,locations/,"Endpoint: /api/v1/farm_category/locations/; Handler: views.GetLocations.as_view(); Methods: GET Technical details: extends APIView, PageNumberPagination. implements GET handlers. declares queryset: queryset.filter(...). reads request.GET. paginates results; returns paginated results. explicit conditions include: location_type; parent_id; page. implementation: farm_category/views.py.",Inactive,never,,Handles GET requests: retrieves and filters records; validates and serializes request or response data; returns paginated results; reads request.GET; branches on conditions such as location_type; parent_id; page.
,API,farm_category/urls.py,cluster-market/,Endpoint: /api/v1/farm_category/cluster-market/; Handler: views.ClusterSearchView.as_view(); Methods: POST Technical details: extends APIView. implements POST handlers. permissions: [HasValidTokenPermission]. reads request.data. filters querysets. explicit conditions include: (not lat or not lon) and (not pincode); lat and lon; point; cluster; len(data) == 0. implementation: farm_category/views.py.,Inactive,never,,Handles POST requests: retrieves and filters records; validates and serializes request or response data; reads request.data; branches on conditions such as (not lat or not lon) and (not pincode); lat and lon; point; cluster.
insurance,Module Itself,,insurance,,Active,never,,Not needed now 
,API,insurance/urls.py,member,"Endpoint: /api/v1/insurance/member; Handler: views.AddMember.as_view(); Methods: GET, POST, PUT Technical details: extends BaseView. implements GET, POST, PUT handlers. references models.Kutumb, models.Member. creates model records; retrieves model records; saves model instances; uses an atomic transaction. explicit conditions include: 'front_aadhaar' in req_data.keys(); not aadhaar_data; req_data.get('pincode') and req_data.get('state') and req_data.get('address1'); height and weight; face_closeup_img. implementation: insurance/views.py.",Dead Code,never,,"Business Logic: This API is used to manage insurance enrolment, household/member details, consent, payment, or eligibility. Data flow: creates the required database records, retrieves existing records, persists updates to model instances, uses an atomic transaction for consistency. Key business/validation rules documented in the KT: 'front_aadhaar' in req_data.keys(); not aadhaar_data; req_data.get('pincode') and req_data.get('state') and req_data.get('address1'); height and weight; face_closeup_img. Implementation: insurance/views.py. Live API inventory reference: addMemberToInsuranceURL, memberDetailsURL."
,API,insurance/urls.py,member-bank-validation,Endpoint: /api/v1/insurance/member-bank-validation; Handler: views.MemberBankValidation.as_view(); Methods: POST Technical details: extends BaseView. implements POST handlers. references models.Member. reads request.user. retrieves model records. implementation: insurance/views.py.,Dead Code,never,,"Business Logic: This API is used to validate or associate a bank account for the relevant member/farmer. Data flow: retrieves existing records, uses the authenticated user context. Implementation: insurance/views.py. Live API inventory reference: addBankAccountURL."
,API,insurance/urls.py,kutumbs-summary,Endpoint: /api/v1/insurance/kutumbs-summary; Handler: views.KutumbsSummary.as_view(); Methods: GET Technical details: extends BaseView. implements GET handlers. references models.Kutumb. filters querysets. explicit conditions include: k['status'] == 'completed'; k['status'] == 'reconcilation_pending'; k['status'] == 'coi_generated'. implementation: insurance/views.py.,Dead Code,never,,"Business Logic: This API is used to manage insurance enrolment, household/member details, consent, payment, or eligibility. Data flow: applies queryset/filtering rules. Key business/validation rules documented in the KT: k['status'] == 'completed'; k['status'] == 'reconcilation_pending'; k['status'] == 'coi_generated'. Implementation: insurance/views.py. Live API inventory reference: orgKudumbDetailsURL."
,API,insurance/urls.py,incomplete-kutumbs,Endpoint: /api/v1/insurance/incomplete-kutumbs; Handler: views.GetIncompleteKutumbs.as_view(); Methods: GET Technical details: extends BaseView. implements GET handlers. references models.Kutumb. filters querysets. implementation: insurance/views.py.,Dead Code,never,,"Business Logic: This API is used to manage insurance enrolment, household/member details, consent, payment, or eligibility. Data flow: applies queryset/filtering rules. Implementation: insurance/views.py. Live API inventory reference: incompleteKudumbURL."
,API,insurance/urls.py,claimable-kutumbs,Endpoint: /api/v1/insurance/claimable-kutumbs; Handler: views.GetClaimableKutumbs.as_view(); Methods: GET Technical details: extends BaseView. implements GET handlers. references models.Kutumb. filters querysets. implementation: insurance/views.py.,Dead Code,never,,"Business Logic: This API is used to manage insurance enrolment, household/member details, consent, payment, or eligibility. Data flow: applies queryset/filtering rules. Implementation: insurance/views.py. Live API inventory reference: coiGeneratedURL."
,API,insurance/urls.py,add-nominee,"Endpoint: /api/v1/insurance/add-nominee; Handler: views.AddNominee.as_view(); Methods: POST Technical details: extends BaseView. implements POST handlers. references models.Kutumb, models.Nominee. creates model records; filters querysets; uses an atomic transaction. implementation: insurance/views.py.",Dead Code,never,,"Business Logic: This API is used to manage insurance enrolment, household/member details, consent, payment, or eligibility. Data flow: creates the required database records, applies queryset/filtering rules, uses an atomic transaction for consistency. Implementation: insurance/views.py. Live API inventory reference: addNomineeURL."
,API,insurance/urls.py,verify-consent,Endpoint: /api/v1/insurance/verify-consent; Handler: views.VerifyConsent.as_view(); Methods: POST Technical details: extends BaseView. implements POST handlers. references models.Kutumb. retrieves model records; saves model instances. implementation: insurance/views.py.,Dead Code,never,,"Business Logic: This API is used to manage insurance enrolment, household/member details, consent, payment, or eligibility. Data flow: retrieves existing records, persists updates to model instances. Implementation: insurance/views.py. Live API inventory reference: verifyInsuranceOTP."
,API,insurance/urls.py,cash-payment,Endpoint: /api/v1/insurance/cash-payment; Handler: views.CashPayment.as_view(); Methods: POST Technical details: extends BaseView. implements POST handlers. references models.Kutumb. creates model records; retrieves model records; saves model instances; uses an atomic transaction. implementation: insurance/views.py.,Dead Code,never,,"Business Logic: This API is used to manage insurance enrolment, household/member details, consent, payment, or eligibility. Data flow: creates the required database records, retrieves existing records, persists updates to model instances, uses an atomic transaction for consistency. Implementation: insurance/views.py. Live API inventory reference: cashPaymentURL."
,API,insurance/urls.py,online-payment,Endpoint: /api/v1/insurance/online-payment; Handler: views.OnlinePayment.as_view(); Methods: POST Technical details: extends BaseView. implements POST handlers. references models.Kutumb. reads request.user. creates model records; filters querysets; saves model instances; uses an atomic transaction. explicit conditions include: kutumbs_updated != len(req_data['kutumb_ids']); not link_data['status'] and link_data['status'] != 'created'. implementation: insurance/views.py.,Dead Code,never,,"Business Logic: This API is used to manage insurance enrolment, household/member details, consent, payment, or eligibility. Data flow: creates the required database records, applies queryset/filtering rules, persists updates to model instances, uses the authenticated user context, uses an atomic transaction for consistency. Key business/validation rules documented in the KT: kutumbs_updated != len(req_data['kutumb_ids']); not link_data['status'] and link_data['status'] != 'created'. Implementation: insurance/views.py. Live API inventory reference: onlinePaymentURL."
,API,insurance/urls.py,same-bank-account,Endpoint: /api/v1/insurance/same-bank-account; Handler: views.SameBankAccount.as_view(); Methods: POST Technical details: extends BaseView. implements POST handlers. references models.Member. retrieves model records; saves model instances. explicit conditions include: wife.gender != 'Female'; husband.husband.first().id != wife.wife.first().id. implementation: insurance/views.py.,Dead Code,never,,"Business Logic: This API is used to validate or associate a bank account for the relevant member/farmer. Data flow: retrieves existing records, persists updates to model instances. Key business/validation rules documented in the KT: wife.gender != 'Female'; husband.husband.first().id != wife.wife.first().id. Implementation: insurance/views.py. Live API inventory reference: useHusbandBankAccountURL."
,API,insurance/urls.py,insurance-estimate/,Endpoint: /api/v1/insurance/insurance-estimate/; Handler: views.AadhaarEstimateAPIView.as_view(); Methods: POST Technical details: extends APIView. implements POST handlers. authentication: [CustomTokenAuthentication]. permissions: [IsAuthenticated]. reads request.data. explicit conditions include: not dob_str; age < 18; age <= 30; age <= 45; age <= 60. implementation: insurance/views.py.,Dead Code,never,,"Business Logic: This API is used to manage insurance enrolment, household/member details, consent, payment, or eligibility. Authentication: CustomTokenAuthentication. Authorization: IsAuthenticated. Data flow: reads submitted request payload data. Key business/validation rules documented in the KT: not dob_str; age < 18; age <= 30; age <= 45; age <= 60. Implementation: insurance/views.py. Status note: This endpoint is not present in the supplied live API inventory, so it is marked Inactive for KT purposes."
,API,insurance/urls.py,insurance-enroll/,"Endpoint: /api/v1/insurance/insurance-enroll/; Handler: views.AadhaarEnrollmentAPIView.as_view(); Methods: POST Technical details: extends APIView. implements POST handlers. authentication: [CustomTokenAuthentication]. permissions: [IsAuthenticated]. reads request.data, request.user. saves model instances; uses an atomic transaction. invokes serializer classes or serializer validation. explicit conditions include: serializers.is_valid(); insurance_data_. implementation: insurance/views.py.",Dead Code,never,,"Business Logic: This API is used to manage insurance enrolment, household/member details, consent, payment, or eligibility. Authentication: CustomTokenAuthentication. Authorization: IsAuthenticated. Data flow: persists updates to model instances, uses serializer validation/serialization, reads submitted request payload data, uses an atomic transaction for consistency. Key business/validation rules documented in the KT: serializers.is_valid(); insurance_data_. Implementation: insurance/views.py. Live API inventory reference: insuranceEnroll."
,API,insurance/urls.py,insurance-bank-verification/,Endpoint: /api/v1/insurance/insurance-bank-verification/; Handler: views.InsuranceBankValidation.as_view(); Methods: POST Technical details: extends BaseView. implements POST handlers. references models.InsuranceEnrollment. reads request.user. retrieves model records. implementation: insurance/views.py.,Dead Code,never,,"Business Logic: This API is used to validate or associate a bank account for the relevant member/farmer. Data flow: retrieves existing records, uses the authenticated user context. Implementation: insurance/views.py. Live API inventory reference: insuranceBankVerification."
,API,insurance/urls.py,insurance-payment/,Endpoint: /api/v1/insurance/insurance-payment/; Handler: views.EnrollmentPaymentUrl.as_view(); Methods: POST Technical details: extends APIView. implements POST handlers. authentication: [CustomTokenAuthentication]. permissions: [IsAuthenticated]. references models.InsuranceEnrollment. reads request.data. creates model records; retrieves model records; saves model instances. explicit conditions include: insurance_data_; serializer_; not link_data['status'] and link_data['status'] != 'created'. implementation: insurance/views.py.,Dead Code,never,,"Business Logic: This API is used to manage insurance enrolment, household/member details, consent, payment, or eligibility. Authentication: CustomTokenAuthentication. Authorization: IsAuthenticated. Data flow: creates the required database records, retrieves existing records, persists updates to model instances, reads submitted request payload data. Key business/validation rules documented in the KT: insurance_data_; serializer_; not link_data['status'] and link_data['status'] != 'created'. Implementation: insurance/views.py. Live API inventory reference: insurancePaymentLink."
,API,insurance/urls.py,check-status-insurance/<insurance_id>/,Endpoint: /api/v1/insurance/check-status-insurance/<insurance_id>/; Handler: views.CheckStatus.as_view(); Methods: GET Technical details: extends APIView. implements GET handlers. authentication: [CustomTokenAuthentication]. permissions: [IsAuthenticated]. references models.InsuranceEnrollment. retrieves model records. implementation: insurance/views.py.,Dead Code,never,,"Business Logic: This API is used to manage insurance enrolment, household/member details, consent, payment, or eligibility. Authentication: CustomTokenAuthentication. Authorization: IsAuthenticated. Data flow: retrieves existing records. Implementation: insurance/views.py. Status note: This endpoint is not present in the supplied live API inventory, so it is marked Inactive for KT purposes."
,API,insurance/urls.py,insurance-enroll-esign-success/<ref_id>/,Endpoint: /api/v1/insurance/insurance-enroll-esign-success/<ref_id>/; Handler: views.UpdateInsuranceEsignSuccess.as_view(); Methods: POST Technical details: extends APIView. implements POST handlers. references models.InsuranceEnrollment. filters querysets. implementation: insurance/views.py.,Dead Code,never,,"Business Logic: This API is used to manage insurance enrolment, household/member details, consent, payment, or eligibility. Data flow: applies queryset/filtering rules. Implementation: insurance/views.py. Status note: This endpoint is not present in the supplied live API inventory, so it is marked Inactive for KT purposes."
,API,insurance/urls.py,insurance-enroll-esign-failed/<ref_id>/,Endpoint: /api/v1/insurance/insurance-enroll-esign-failed/<ref_id>/; Handler: views.UpdateInsuranceEsignFailure.as_view(); Methods: POST Technical details: extends APIView. implements POST handlers. references models.InsuranceEnrollment. filters querysets. implementation: insurance/views.py.,Dead Code,never,,"Business Logic: This API is used to manage insurance enrolment, household/member details, consent, payment, or eligibility. Data flow: applies queryset/filtering rules. Implementation: insurance/views.py. Status note: This endpoint is not present in the supplied live API inventory, so it is marked Inactive for KT purposes."
,API,insurance/urls.py,verify-consent-insurance,Endpoint: /api/v1/insurance/verify-consent-insurance; Handler: views.VerifyConsentInsurance.as_view(); Methods: POST Technical details: extends BaseView. implements POST handlers. references models.InsuranceEnrollment. retrieves model records; saves model instances. implementation: insurance/views.py.,Dead Code,never,,"Business Logic: This API is used to manage insurance enrolment, household/member details, consent, payment, or eligibility. Data flow: retrieves existing records, persists updates to model instances. Implementation: insurance/views.py. Status note: This endpoint is not present in the supplied live API inventory, so it is marked Inactive for KT purposes."
onemoney,Module Itself,,onemoney,,Dead Code,never,,
,API,onemoney/urls.py,verify/,"Endpoint: /api/v1/onemoney/verify/; Handler: views.BankVerify.as_view(); Methods: GET Technical details: extends APIView, CommonFunctions. implements GET handlers. authentication: [CustomTokenAuthentication]. permissions: [IsAuthenticated]. references models.OnemoneyConsent. reads request.user. creates model records; retrieves model records. returns a DRF/Django response. explicit conditions include: not url.get('data'); new_consent; not consent.get('data'). implementation: onemoney/views.py.",Dead Code,never,,"Business Logic: This API is used to support the corresponding application workflow described by the endpoint name and implementation. Authentication: CustomTokenAuthentication. Authorization: IsAuthenticated. Data flow: creates the required database records, retrieves existing records, uses the authenticated user context. Key business/validation rules documented in the KT: not url.get('data'); new_consent; not consent.get('data'). Implementation: onemoney/views.py. Live API inventory reference: bankStatementURL."
,API,onemoney/urls.py,redirect/,"Endpoint: /api/v1/onemoney/redirect/; Handler: views.OnemoneyRedirect.as_view(); Methods: GET Technical details: extends APIView, CommonFunctions. implements GET handlers. references models.OnemoneyConsent. reads request.GET. retrieves model records. explicit conditions include: not (ecres and resdate and fi); not decrypted_data.get('data'); decrypted_data['data']['errorcode'] != '0'. implementation: onemoney/views.py.",Dead Code,never,,"Business Logic: This API is used to support the corresponding application workflow described by the endpoint name and implementation. Data flow: retrieves existing records, reads query parameters. Key business/validation rules documented in the KT: not (ecres and resdate and fi); not decrypted_data.get('data'); decrypted_data['data']['errorcode'] != '0'. Implementation: onemoney/views.py. Status note: This endpoint is not present in the supplied live API inventory, so it is marked Inactive for KT purposes."
,API,onemoney/urls.py,consent_webhook,"Endpoint: /api/v1/onemoney/consent_webhook; Handler: views.ConsentWebhook.as_view(); Methods: POST Technical details: extends APIView, CommonFunctions. implements POST handlers. references models.OnemoneyConsent. reads request.data, request.headers. retrieves model records; saves model instances. returns a DRF/Django response. explicit conditions include: helper.generate_signature(request.body) != request.headers.get('X-Webhook-Signature'); request_body['eventStatus'] == 'CONSENT_REJECTED'. implementation: onemoney/views.py.",Dead Code,never,,"Business Logic: This API is used to support the corresponding application workflow described by the endpoint name and implementation. Data flow: retrieves existing records, persists updates to model instances, reads submitted request payload data. Key business/validation rules documented in the KT: helper.generate_signature(request.body) != request.headers.get('X-Webhook-Signature'); request_body['eventStatus'] == 'CONSENT_REJECTED'. Implementation: onemoney/views.py. Status note: This endpoint is not present in the supplied live API inventory, so it is marked Inactive for KT purposes."
,API,onemoney/urls.py,data_webhook,"Endpoint: /api/v1/onemoney/data_webhook; Handler: views.DataWebhook.as_view(); Methods: POST Technical details: extends APIView, CommonFunctions. implements POST handlers. references models.BankStatementVerifcation, models.OnemoneyConsent. reads request.data, request.headers. creates model records; retrieves model records. returns a DRF/Django response. explicit conditions include: helper.generate_signature(request.body) != request.headers.get('X-Webhook-Signature'); consent.consent_id != request_body['consentId']; not statements.get('data') or len(statements.get('data')) == 0. implementation: onemoney/views.py.",Dead Code,never,,"Business Logic: This API is used to support the corresponding application workflow described by the endpoint name and implementation. Data flow: creates the required database records, retrieves existing records, reads submitted request payload data. Key business/validation rules documented in the KT: helper.generate_signature(request.body) != request.headers.get('X-Webhook-Signature'); consent.consent_id != request_body['consentId']; not statements.get('data') or len(statements.get('data')) == 0. Implementation: onemoney/views.py. Status note: This endpoint is not present in the supplied live API inventory, so it is marked Inactive for KT purposes."
payment,Module Itself,,payment,,Active,,,
,API,payment/urls.py,create-link,"Endpoint: /api/v1/payment/create-link; Handler: views.CreateOrder.as_view(); Methods: POST Technical details: extends APIView. implements POST handlers. authentication: [CustomTokenAuthentication]. permissions: [IsAuthenticated]. references models.Order, models.UserOrder, models.user. reads request.data, request.user. creates model records; retrieves model records; filters querysets. explicit conditions include: request.data == None; type(body_data) == str; body_data.get('org_id'); not validation.is_valid(); body_data.get('org_id'). implementation: payment/views.py.",Active,,,"Business Logic: This API is used to initiate or manage a business payment transaction. Authentication: CustomTokenAuthentication. Authorization: IsAuthenticated. Data flow: creates the required database records, retrieves existing records, applies queryset/filtering rules, reads submitted request payload data. Key business/validation rules documented in the KT: request.data == None; type(body_data) == str; body_data.get('org_id'); not validation.is_valid(); body_data.get('org_id'). Implementation: payment/views.py. Live API inventory reference: createPaymentUrl."
,API,payment/urls.py,payment-redirect,"Endpoint: /api/v1/payment/payment-redirect; Handler: views.PaymentRedirect.as_view(); Methods: GET Technical details: extends APIView. implements GET handlers. references models.Order, models.UserOrder. reads request.GET. retrieves model records; filters querysets; saves model instances. explicit conditions include: not client.utility.verify_payment_link_signature(data). implementation: payment/views.py.",Inactive,,,"Business Logic: This API is used to initiate or manage a business payment transaction. Data flow: retrieves existing records, applies queryset/filtering rules, persists updates to model instances, reads query parameters. Key business/validation rules documented in the KT: not client.utility.verify_payment_link_signature(data). Implementation: payment/views.py. Status note: This endpoint is not present in the supplied live API inventory, so it is marked Inactive for KT purposes."
,API,payment/urls.py,payment-redirect-common,Endpoint: /api/v1/payment/payment-redirect-common; Handler: views.PaymentRedirectCommon.as_view(); Methods: GET Technical details: extends APIView. implements GET handlers. reads request.GET. explicit conditions include: not client.utility.verify_payment_link_signature(data). implementation: payment/views.py.,Inactive,,,"Business Logic: This API is used to initiate or manage a business payment transaction. Data flow: reads query parameters. Key business/validation rules documented in the KT: not client.utility.verify_payment_link_signature(data). Implementation: payment/views.py. Status note: This endpoint is not present in the supplied live API inventory, so it is marked Inactive for KT purposes."
,API,payment/urls.py,bank-validation,Endpoint: /api/v1/payment/bank-validation; Handler: views.UserBankValidation.as_view(); Methods: POST Technical details: extends BaseView. implements POST handlers. reads request.user. implementation: payment/views.py.,Inactive,,,"Business Logic: This API is used to validate or associate a bank account for the relevant member/farmer. Data flow: uses the authenticated user context. Implementation: payment/views.py. Status note: This endpoint is not present in the supplied live API inventory, so it is marked Inactive for KT purposes."
,API,payment/urls.py,bank-validation-by-admin,Endpoint: /api/v1/payment/bank-validation-by-admin; Handler: views.UserBankValidationByAdmin.as_view(); Methods: POST Technical details: extends BaseView. implements POST handlers. reads request.user. retrieves model records. implementation: payment/views.py.,Inactive,,,"Business Logic: This API is used to validate or associate a bank account for the relevant member/farmer. Data flow: retrieves existing records, uses the authenticated user context. Implementation: payment/views.py. Status note: This endpoint is not present in the supplied live API inventory, so it is marked Inactive for KT purposes."
,API,payment/urls.py,bank-validation-redirect,"Endpoint: /api/v1/payment/bank-validation-redirect; Handler: views.BankValidationRedirect.as_view(); Methods: POST Technical details: extends APIView. implements POST handlers. references models.BankAccount, models.UserBankAccount. reads request.data. retrieves model records; updates records; saves model instances. explicit conditions include: request.data == None; type(body_data) == str; body_data.get('payload'); entity['notes'].get('kutumb'); body_data.get('payload') and entity['status'] == 'completed' and (entity['results']['account_status'] == 'active'). implementation: payment/views.py.",Inactive,,,"Business Logic: This API is used to validate or associate a bank account for the relevant member/farmer. Data flow: retrieves existing records, persists updates to model instances, reads submitted request payload data. Key business/validation rules documented in the KT: request.data == None; type(body_data) == str; body_data.get('payload'); entity['notes'].get('kutumb'); body_data.get('payload') and entity['status'] == 'completed' and (entity['results']['account_status'] == 'active'). Implementation: payment/views.py. Status note: This endpoint is not present in the supplied live API inventory, so it is marked Inactive for KT purposes."
,API,payment/urls.py,razorpay-webhooks,"Endpoint: /api/v1/payment/razorpay-webhooks; Handler: views.RazorpayWebhooks.as_view(); Methods: POST Technical details: extends BaseViewWithoutAuthentication. implements POST handlers. references models.Payment, models.Payout. reads request.data, request.headers. filters querysets. explicit conditions include: payload['payment']['entity']['notes'].get('procurement_ids'); payload['payment']['entity']['notes'].get('insurance_id'); payload['payment']['entity']['notes'].get('insurance_id'); not client.utility.verify_webhook_signature(request.body.decode(), request.headers.get('X-Razorpay-Signature'), settings.PAYMENT_WEBHOOK_...; req_data['event'] == 'payment_link.paid'. implementation: payment/views.py.",Inactive,,,"Business Logic: This API is used to initiate or manage a business payment transaction. Data flow: applies queryset/filtering rules, reads submitted request payload data. Key business/validation rules documented in the KT: payload['payment']['entity']['notes'].get('procurement_ids'); payload['payment']['entity']['notes'].get('insurance_id'); payload['payment']['entity']['notes'].get('insurance_id'); not client.utility.verify_webhook_signature(request.body.decode(), request.headers.get('X-Razorpay-Signature'), settings.PAYMENT_WEBHOOK_...; req_data['event'] == 'payment_link.paid'. Implementation: payment/views.py. Status note: This endpoint is not present in the supplied live API inventory, so it is marked Inactive for KT purposes."
pop_manage,Module Itself,,pop_manage,,Active,,,
,API,pop_manage/urls.py,get-suggestions/<farmid>,Endpoint: /api/v1/pop_manage/get-suggestions/<farmid>; Handler: views.GetPopActivity.as_view(); Methods: GET Technical details: extends APIView. implements GET handlers. authentication: [CustomTokenAuthentication]. permissions: [IsAuthenticated]. filters querysets. explicit conditions include: sowing_date; check_last_pop_date and difference_in_days > check_last_pop_date.from_das; last_suggestion; next_suggestion; last_suggestion. implementation: pop_manage/views.py.,Inactive,,,"Business Logic: This API is used to manage or retrieve Package of Practice (POP) information for farm/crop activity planning. Authentication: CustomTokenAuthentication. Authorization: IsAuthenticated. Data flow: applies queryset/filtering rules. Key business/validation rules documented in the KT: sowing_date; check_last_pop_date and difference_in_days > check_last_pop_date.from_das; last_suggestion; next_suggestion; last_suggestion. Implementation: pop_manage/views.py. Status note: This endpoint is not present in the supplied live API inventory, so it is marked Inactive for KT purposes."
,API,pop_manage/urls.py,get-soil-report-list/<farm_id>,"Endpoint: /api/v1/pop_manage/get-soil-report-list/<farm_id>; Handler: views.GetSoilReportsOfFarm.as_view(); Methods: GET Technical details: extends APIView, PageNumberPagination. implements GET handlers. declares queryset: self.get_queryset(...). authentication: [CustomTokenAuthentication]. permissions: [IsAuthenticated]. filters querysets; paginates results; returns paginated results. explicit conditions include: page. implementation: pop_manage/views.py.",Inactive,,,"Business Logic: This API is used to manage soil-test sessions and retrieve soil reports. Authentication: CustomTokenAuthentication. Authorization: IsAuthenticated. Data flow: applies queryset/filtering rules, supports paginated result retrieval. Key business/validation rules documented in the KT: page. Implementation: pop_manage/views.py. Status note: This endpoint is not present in the supplied live API inventory, so it is marked Inactive for KT purposes."
,API,pop_manage/urls.py,add-soil-test/,"Endpoint: /api/v1/pop_manage/add-soil-test/; Handler: views.AddSoilTestPlotAPIView.as_view(); Methods: POST Technical details: extends APIView. implements POST handlers. authentication: [CustomTokenAuthentication]. permissions: [IsAuthenticated]. reads request.data, request.user. filters querysets. explicit conditions include: not farm_id; count; not flag. implementation: pop_manage/views.py.",Active,,,"Business Logic: This API is used to manage soil-test sessions and retrieve soil reports. Authentication: CustomTokenAuthentication. Authorization: IsAuthenticated. Data flow: applies queryset/filtering rules, reads submitted request payload data. Key business/validation rules documented in the KT: not farm_id; count; not flag. Implementation: pop_manage/views.py. Live API inventory reference: createSoilTestUrl."
,API,pop_manage/urls.py,fetch-report-soil-test-webhook/,Endpoint: /api/v1/pop_manage/fetch-report-soil-test-webhook/; Handler: views.NeoPerkWebhookReceiver.as_view(); Methods: POST Technical details: extends APIView. implements POST handlers. reads request.data. creates model records; filters querysets; saves model instances. returns a DRF/Django response. explicit conditions include: not report_url; farm_id and farm_id != ''; farm_data; farm_data. implementation: pop_manage/views.py.,Inactive,,,"Business Logic: This API is used to manage soil-test sessions and retrieve soil reports. Data flow: creates the required database records, applies queryset/filtering rules, persists updates to model instances, reads submitted request payload data. Key business/validation rules documented in the KT: not report_url; farm_id and farm_id != ''; farm_data; farm_data. Implementation: pop_manage/views.py. Status note: This endpoint is not present in the supplied live API inventory, so it is marked Inactive for KT purposes."
,API,pop_manage/urls.py,sessions/,Endpoint: /api/v1/pop_manage/sessions/; Handler: views.SessionListView.as_view(); Methods: GET Technical details: extends APIView. implements GET handlers. reads request.query_params. filters querysets. returns a DRF/Django response. explicit conditions include: crop_id. implementation: pop_manage/views.py.,Active,,,Business Logic: This API is used to manage or retrieve Package of Practice (POP) information for farm/crop activity planning. Data flow: applies queryset/filtering rules. Key business/validation rules documented in the KT: crop_id. Implementation: pop_manage/views.py. Live API inventory reference: sessionListUrl.
,API,pop_manage/urls.py,farm/check-session/,Endpoint: /api/v1/pop_manage/farm/check-session/; Handler: views.FarmSessionCheckView.as_view(); Methods: GET Technical details: extends APIView. implements GET handlers. reads request.query_params. retrieves model records; filters querysets. returns a DRF/Django response. explicit conditions include: not farm_id; not soil_test; not sessions.exists(). implementation: pop_manage/views.py.,Active,,,"Business Logic: This API is used to manage or retrieve Package of Practice (POP) information for farm/crop activity planning. Data flow: retrieves existing records, applies queryset/filtering rules. Key business/validation rules documented in the KT: not farm_id; not soil_test; not sessions.exists(). Implementation: pop_manage/views.py. Live API inventory reference: checkSoilSessioUrl."
,API,pop_manage/urls.py,get-pop/<farmid>/,Endpoint: /api/v1/pop_manage/get-pop/<farmid>/; Handler: views.ActivityFullPop.as_view(); Methods: GET Technical details: extends APIView. implements GET handlers. authentication: [CustomTokenAuthentication]. permissions: [IsAuthenticated]. filters querysets. explicit conditions include: not sowing_date; farm_data.pop_group_id; varietyid; min_from_das is not None; farm_data.crop_id. implementation: pop_manage/views.py.,Inactive,,,"Business Logic: This API is used to manage or retrieve Package of Practice (POP) information for farm/crop activity planning. Authentication: CustomTokenAuthentication. Authorization: IsAuthenticated. Data flow: applies queryset/filtering rules. Key business/validation rules documented in the KT: not sowing_date; farm_data.pop_group_id; varietyid; min_from_das is not None; farm_data.crop_id. Implementation: pop_manage/views.py. Status note: This endpoint is not present in the supplied live API inventory, so it is marked Inactive for KT purposes."
,API,pop_manage/urls.py,get-pop-group/<pop_group_id>/,Endpoint: /api/v1/pop_manage/get-pop-group/<pop_group_id>/; Handler: views.ActivityPOPFromPOPGroup.as_view(); Methods: GET Technical details: extends APIView. implements GET handlers. permissions: [AllowAny]. filters querysets. implementation: pop_manage/views.py.,Inactive,,,"Business Logic: This API is used to manage or retrieve Package of Practice (POP) information for farm/crop activity planning. Authorization: AllowAny. Data flow: applies queryset/filtering rules. Implementation: pop_manage/views.py. Status note: This endpoint is not present in the supplied live API inventory, so it is marked Inactive for KT purposes."
,API,pop_manage/urls.py,get-pop/<farmid>/<varietyid>,Endpoint: /api/v1/pop_manage/get-pop/<farmid>/<varietyid>; Handler: views.ActivityFullPop.as_view(); Methods: GET Technical details: extends APIView. implements GET handlers. authentication: [CustomTokenAuthentication]. permissions: [IsAuthenticated]. filters querysets. explicit conditions include: not sowing_date; farm_data.pop_group_id; varietyid; min_from_das is not None; farm_data.crop_id. implementation: pop_manage/views.py.,Inactive,,,"Business Logic: This API is used to manage or retrieve Package of Practice (POP) information for farm/crop activity planning. Authentication: CustomTokenAuthentication. Authorization: IsAuthenticated. Data flow: applies queryset/filtering rules. Key business/validation rules documented in the KT: not sowing_date; farm_data.pop_group_id; varietyid; min_from_das is not None; farm_data.crop_id. Implementation: pop_manage/views.py. Status note: This endpoint is not present in the supplied live API inventory, so it is marked Inactive for KT purposes."
,API,pop_manage/urls.py,get-activity-compliance/<org_id>/<listing_id>,"Endpoint: /api/v1/pop_manage/get-activity-compliance/<org_id>/<listing_id>; Handler: views.GetActivityComplianceSummary.as_view(); Methods: GET Technical details: extends APIView, PageNumberPagination. implements GET handlers. filters querysets; paginates results; returns paginated results. explicit conditions include: page; das; planned_from <= das.day_of_sowing <= planned_to. implementation: pop_manage/views.py.",Inactive,,,"Business Logic: This API is used to manage or retrieve Package of Practice (POP) information for farm/crop activity planning. Data flow: applies queryset/filtering rules, supports paginated result retrieval. Key business/validation rules documented in the KT: page; das; planned_from <= das.day_of_sowing <= planned_to. Implementation: pop_manage/views.py. Status note: This endpoint is not present in the supplied live API inventory, so it is marked Inactive for KT purposes."
,API,pop_manage/urls.py,prithvipro/create-popgroup/,Endpoint: /api/v1/pop_manage/prithvipro/create-popgroup/; Handler: views.CreatePOPGroupFromPrithviPro.as_view(); Methods: POST Technical details: extends APIView. implements POST handlers. creates model records. implementation: pop_manage/views.py.,Inactive,,,"Business Logic: This API is used to exchange buyer requirements and farmer/farm acceptance information with the Prithvi Pro workflow. Data flow: creates the required database records. Implementation: pop_manage/views.py. Status note: This endpoint is not present in the supplied live API inventory, so it is marked Inactive for KT purposes."
,API,pop_manage/urls.py,prithvipro/upload-pop-activities/,"Endpoint: /api/v1/pop_manage/prithvipro/upload-pop-activities/; Handler: views.UploadPOPActivitiesFromPrithviPro.as_view(); Methods: POST Technical details: extends APIView. implements POST handlers. permissions: [AllowAny]. retrieves model records; filters querysets; saves model instances. explicit conditions include: not pop_group_id; not isinstance(activities, list) or not isinstance(stages, list) or (not isinstance(substages, list)); 'pop_group' in locals(); activity_id. implementation: pop_manage/views.py.",Inactive,,,"Business Logic: This API is used to exchange buyer requirements and farmer/farm acceptance information with the Prithvi Pro workflow. Authorization: AllowAny. Data flow: retrieves existing records, applies queryset/filtering rules, persists updates to model instances. Key business/validation rules documented in the KT: not pop_group_id; not isinstance(activities, list) or not isinstance(stages, list) or (not isinstance(substages, list)); 'pop_group' in locals(); activity_id. Implementation: pop_manage/views.py. Status note: This endpoint is not present in the supplied live API inventory, so it is marked Inactive for KT purposes."
,API,pop_manage/urls.py,prithvipro/requirements/,"Endpoint: /api/v1/pop_manage/prithvipro/requirements/; Handler: views.POPGroupsFromPrithviPro.as_view(); Methods: GET Technical details: extends APIView, PageNumberPagination. implements GET handlers. filters querysets; paginates results; returns paginated results. explicit conditions include: buyer_id; crop_id; variety_id; status_get; page. implementation: pop_manage/views.py.",Inactive,,,"Business Logic: This API is used to exchange buyer requirements and farmer/farm acceptance information with the Prithvi Pro workflow. Data flow: applies queryset/filtering rules, supports paginated result retrieval. Key business/validation rules documented in the KT: buyer_id; crop_id; variety_id; status_get; page. Implementation: pop_manage/views.py. Status note: This endpoint is not present in the supplied live API inventory, so it is marked Inactive for KT purposes."
,API,pop_manage/urls.py,prithvipro/requirements/list,Endpoint: /api/v1/pop_manage/prithvipro/requirements/list; Handler: views.PrithviProRequirementAPIView.as_view(); Methods: GET Technical details: extends APIView. implements GET handlers. reads request.query_params. explicit conditions include: result.get('success') is False. implementation: pop_manage/views.py.,Active,,,Business Logic: This API is used to exchange buyer requirements and farmer/farm acceptance information with the Prithvi Pro workflow. Key business/validation rules documented in the KT: result.get('success') is False. Implementation: pop_manage/views.py. Live API inventory reference: getPrithiviProUrl.
,API,pop_manage/urls.py,prithvipro/get-farm-acre-count/,"Endpoint: /api/v1/pop_manage/prithvipro/get-farm-acre-count/; Handler: views.OrgFarmStatsAPIView.as_view(); Methods: POST Technical details: extends APIView. implements POST handlers. permissions: [AllowAny]. reads request.data. filters querysets. returns a DRF/Django response. explicit conditions include: not org_ids or not isinstance(org_ids, list). implementation: pop_manage/views.py.",Inactive,,,"Business Logic: This API is used to exchange buyer requirements and farmer/farm acceptance information with the Prithvi Pro workflow. Authorization: AllowAny. Data flow: applies queryset/filtering rules, reads submitted request payload data. Key business/validation rules documented in the KT: not org_ids or not isinstance(org_ids, list). Implementation: pop_manage/views.py. Status note: This endpoint is not present in the supplied live API inventory, so it is marked Inactive for KT purposes."
,API,pop_manage/urls.py,prithvipro/get-farm-listing-count/,Endpoint: /api/v1/pop_manage/prithvipro/get-farm-listing-count/; Handler: views.ListingCountAPIView.as_view(); Methods: POST Technical details: extends APIView. implements POST handlers. permissions: [AllowAny]. reads request.data. filters querysets. returns a DRF/Django response. explicit conditions include: not pop_group_id or not org_id. implementation: pop_manage/views.py.,Inactive,,,"Business Logic: This API is used to exchange buyer requirements and farmer/farm acceptance information with the Prithvi Pro workflow. Authorization: AllowAny. Data flow: applies queryset/filtering rules, reads submitted request payload data. Key business/validation rules documented in the KT: not pop_group_id or not org_id. Implementation: pop_manage/views.py. Status note: This endpoint is not present in the supplied live API inventory, so it is marked Inactive for KT purposes."
,API,pop_manage/urls.py,prithvipro/accept-request/,"Endpoint: /api/v1/pop_manage/prithvipro/accept-request/; Handler: views.AcceptRequirementData.as_view(); Methods: POST Technical details: extends APIView. implements POST handlers. permissions: [IsAuthenticated]. reads request.data, request.user. creates model records; filters querysets. explicit conditions include: not farms_list; not requirement_id; response.get('success'). implementation: pop_manage/views.py.",Active,,,"Business Logic: This API is used to exchange buyer requirements and farmer/farm acceptance information with the Prithvi Pro workflow. Authorization: IsAuthenticated. Data flow: creates the required database records, applies queryset/filtering rules, reads submitted request payload data. Key business/validation rules documented in the KT: not farms_list; not requirement_id; response.get('success'). Implementation: pop_manage/views.py. Live API inventory reference: acceptRequestPrithvi."
,API,pop_manage/urls.py,prithvipro/get-existing-pop-details/<int:buyer_id>/,"Endpoint: /api/v1/pop_manage/prithvipro/get-existing-pop-details/<int:buyer_id>/; Handler: views.OwnPOPGroupsFromPrithviPro.as_view(); Methods: GET Technical details: extends APIView, PageNumberPagination. implements GET handlers. filters querysets; paginates results; returns paginated results. explicit conditions include: crop_id; variety_id; search; page. implementation: pop_manage/views.py.",Inactive,,,"Business Logic: This API is used to exchange buyer requirements and farmer/farm acceptance information with the Prithvi Pro workflow. Data flow: applies queryset/filtering rules, supports paginated result retrieval. Key business/validation rules documented in the KT: crop_id; variety_id; search; page. Implementation: pop_manage/views.py. Status note: This endpoint is not present in the supplied live API inventory, so it is marked Inactive for KT purposes."
,API,pop_manage/urls.py,get-stages,"Endpoint: /api/v1/pop_manage/get-stages; Handler: views.StageListCreateAPI.as_view(); Methods: GET, POST Technical details: extends APIView. implements GET, POST handlers. permissions: [AllowAny]. reads request.GET, request.data. saves model instances. explicit conditions include: serializer.is_valid(). implementation: pop_manage/views.py.",Inactive,,,"Business Logic: This API is used to manage or retrieve Package of Practice (POP) information for farm/crop activity planning. Authorization: AllowAny. Data flow: persists updates to model instances, reads query parameters. Key business/validation rules documented in the KT: serializer.is_valid(). Implementation: pop_manage/views.py. Status note: This endpoint is not present in the supplied live API inventory, so it is marked Inactive for KT purposes."
,API,pop_manage/urls.py,get-sub-stages,"Endpoint: /api/v1/pop_manage/get-sub-stages; Handler: views.SubStageListCreateAPI.as_view(); Methods: GET, POST Technical details: extends APIView. implements GET, POST handlers. permissions: [AllowAny]. reads request.GET, request.data. saves model instances. explicit conditions include: serializer.is_valid(). implementation: pop_manage/views.py.",Inactive,,,"Business Logic: This API is used to manage or retrieve Package of Practice (POP) information for farm/crop activity planning. Authorization: AllowAny. Data flow: persists updates to model instances, reads query parameters. Key business/validation rules documented in the KT: serializer.is_valid(). Implementation: pop_manage/views.py. Status note: This endpoint is not present in the supplied live API inventory, so it is marked Inactive for KT purposes."
,API,pop_manage/urls.py,send-pop-notifications,Endpoint: /api/v1/pop_manage/send-pop-notifications; Handler: views.SendPopNotifications.as_view(); Methods: GET Technical details: extends APIView. implements GET handlers. creates model records; filters querysets. explicit conditions include: not eligible_farms.exists(); p.pop_group_id; f.pop_group_id; f.crop_variety_id; not next_pop. implementation: pop_manage/views.py.,Inactive,,,"Business Logic: This API is used to manage or retrieve Package of Practice (POP) information for farm/crop activity planning. Data flow: creates the required database records, applies queryset/filtering rules. Key business/validation rules documented in the KT: not eligible_farms.exists(); p.pop_group_id; f.pop_group_id; f.crop_variety_id; not next_pop. Implementation: pop_manage/views.py. Status note: This endpoint is not present in the supplied live API inventory, so it is marked Inactive for KT purposes."
,API,pop_manage/urls.py,share-log-save/,Endpoint: /api/v1/pop_manage/share-log-save/; Handler: views.AddPopShareLog.as_view(); Methods: POST Technical details: extends APIView. implements POST handlers. authentication: [CustomTokenAuthentication]. permissions: [IsAuthenticated]. reads request.data. creates model records. explicit conditions include: missing; data.get('sowing_date'); not sowing. implementation: pop_manage/views.py.,Active,,,"Business Logic: This API is used to manage or retrieve Package of Practice (POP) information for farm/crop activity planning. Authentication: CustomTokenAuthentication. Authorization: IsAuthenticated. Data flow: creates the required database records, reads submitted request payload data. Key business/validation rules documented in the KT: missing; data.get('sowing_date'); not sowing. Implementation: pop_manage/views.py. Live API inventory reference: popShareSave."
procurement,Module Itself,,procurement,,Active,,,
,API,procurement/urls.py,register-procurement,"Endpoint: /api/v1/procurement/register-procurement; Handler: views.ProcurementRegisterData.as_view(); Methods: GET, POST Technical details: extends APIView, PageNumberPagination. implements GET, POST handlers. declares queryset: self.get_queryset(...). authentication: [CustomTokenAuthentication]. permissions: [IsAuthenticated]. reads request.data, request.user. creates model records; filters querysets; paginates results; returns paginated results. explicit conditions include: page; 'name' not in data.keys(); procure. implementation: procurement/views.py.",Active,,,"Business Logic: This API is used to manage farmer procurement registration, procurement data, payments, or procurement operations. Authentication: CustomTokenAuthentication. Authorization: IsAuthenticated. Data flow: creates the required database records, applies queryset/filtering rules, supports paginated result retrieval, reads submitted request payload data. Key business/validation rules documented in the KT: page; 'name' not in data.keys(); procure. Implementation: procurement/views.py. Live API inventory reference: getRegisterProcurementURL, closeProcurementURL."
,API,procurement/urls.py,register-procurement/<procurement_register_id>,Endpoint: /api/v1/procurement/register-procurement/<procurement_register_id>; Handler: views.UpdateProcurementData.as_view(); Methods: POST Technical details: extends APIView. implements POST handlers. authentication: [CustomTokenAuthentication]. permissions: [IsAuthenticated]. filters querysets. explicit conditions include: procure. implementation: procurement/views.py.,Inactive,,,"Business Logic: This API is used to manage farmer procurement registration, procurement data, payments, or procurement operations. Authentication: CustomTokenAuthentication. Authorization: IsAuthenticated. Data flow: applies queryset/filtering rules. Key business/validation rules documented in the KT: procure. Implementation: procurement/views.py. Status note: This endpoint is not present in the supplied live API inventory, so it is marked Inactive for KT purposes."
,API,procurement/urls.py,procurement-data/<procure_register_id>,"Endpoint: /api/v1/procurement/procurement-data/<procure_register_id>; Handler: views.ProcurementData.as_view(); Methods: GET, POST Technical details: extends APIView, PageNumberPagination. implements GET, POST handlers. declares queryset: self.get_queryset(...). authentication: [CustomTokenAuthentication]. permissions: [IsAuthenticated]. reads request.FILES, request.data, request.user. creates model records; filters querysets; paginates results; returns paginated results. explicit conditions include: page; not validation.is_valid(); 'type' in data.keys() and data['type'] != 'bulk'; procure; image is not None. implementation: procurement/views.py.",Inactive,,,"Business Logic: This API is used to manage farmer procurement registration, procurement data, payments, or procurement operations. Authentication: CustomTokenAuthentication. Authorization: IsAuthenticated. Data flow: creates the required database records, applies queryset/filtering rules, supports paginated result retrieval. Key business/validation rules documented in the KT: page; not validation.is_valid(); 'type' in data.keys() and data['type'] != 'bulk'; procure; image is not None. Implementation: procurement/views.py. Status note: This endpoint is not present in the supplied live API inventory, so it is marked Inactive for KT purposes."
,API,procurement/urls.py,payment/<procure_id>,"Endpoint: /api/v1/procurement/payment/<procure_id>; Handler: views.PaymentProcure.as_view(); Methods: POST Technical details: extends APIView. implements POST handlers. authentication: [CustomTokenAuthentication]. permissions: [IsAuthenticated]. reads request.FILES, request.data, request.user. creates model records; retrieves model records; filters querysets; saves model instances; uses an atomic transaction. explicit conditions include: not is_valid; 'latitude' not in data.keys() and 'longitude' not in data.keys(); 'payment_type' in data.keys(); not payment_mode; data['payment_type'] == 'online'. implementation: procurement/views.py.",Inactive,,,"Business Logic: This API is used to manage farmer procurement registration, procurement data, payments, or procurement operations. Authentication: CustomTokenAuthentication. Authorization: IsAuthenticated. Data flow: creates the required database records, retrieves existing records, applies queryset/filtering rules, persists updates to model instances, uses an atomic transaction for consistency. Key business/validation rules documented in the KT: not is_valid; 'latitude' not in data.keys() and 'longitude' not in data.keys(); 'payment_type' in data.keys(); not payment_mode; data['payment_type'] == 'online'. Implementation: procurement/views.py. Status note: This endpoint is not present in the supplied live API inventory, so it is marked Inactive for KT purposes."
,API,procurement/urls.py,payment/,"Endpoint: /api/v1/procurement/payment/; Handler: views.PaymentProcure.as_view(); Methods: POST Technical details: extends APIView. implements POST handlers. authentication: [CustomTokenAuthentication]. permissions: [IsAuthenticated]. reads request.FILES, request.data, request.user. creates model records; retrieves model records; filters querysets; saves model instances; uses an atomic transaction. explicit conditions include: not is_valid; 'latitude' not in data.keys() and 'longitude' not in data.keys(); 'payment_type' in data.keys(); not payment_mode; data['payment_type'] == 'online'. implementation: procurement/views.py.",Active,,,"Business Logic: This API is used to manage farmer procurement registration, procurement data, payments, or procurement operations. Authentication: CustomTokenAuthentication. Authorization: IsAuthenticated. Data flow: creates the required database records, retrieves existing records, applies queryset/filtering rules, persists updates to model instances, uses an atomic transaction for consistency. Key business/validation rules documented in the KT: not is_valid; 'latitude' not in data.keys() and 'longitude' not in data.keys(); 'payment_type' in data.keys(); not payment_mode; data['payment_type'] == 'online'. Implementation: procurement/views.py. Live API inventory reference: cashPaymentProcurementURL."
,API,procurement/urls.py,download_sample_upload_csv/,Endpoint: /api/v1/procurement/download_sample_upload_csv/; Handler: views.DownloadProcurementUploadCSV.as_view(); Methods: GET Technical details: extends APIView. implements GET handlers. implementation: procurement/views.py.,Active,,,"Business Logic: This API is used to manage farmer procurement registration, procurement data, payments, or procurement operations. Implementation: procurement/views.py. Live API inventory reference: downloadProcurementCSVSampleURL."
,API,procurement/urls.py,bulk_upload_csv/<procure_register_id>,"Endpoint: /api/v1/procurement/bulk_upload_csv/<procure_register_id>; Handler: views.UploadProcurementCSV.as_view(); Methods: GET, POST Technical details: extends APIView, PageNumberPagination. implements GET, POST handlers. declares queryset: self.get_queryset(...). authentication: [CustomTokenAuthentication]. permissions: [IsAuthenticated]. reads request.FILES, request.user. creates model records; retrieves model records; filters querysets; paginates results; returns paginated results. explicit conditions include: page; 'csv_upload' not in request.FILES. implementation: procurement/views.py.",Inactive,,,"Business Logic: This API is used to manage farmer procurement registration, procurement data, payments, or procurement operations. Authentication: CustomTokenAuthentication. Authorization: IsAuthenticated. Data flow: creates the required database records, retrieves existing records, applies queryset/filtering rules, supports paginated result retrieval. Key business/validation rules documented in the KT: page; 'csv_upload' not in request.FILES. Implementation: procurement/views.py. Status note: This endpoint is not present in the supplied live API inventory, so it is marked Inactive for KT purposes."
,API,procurement/urls.py,get-balance/,Endpoint: /api/v1/procurement/get-balance/; Handler: views.AxisBankBalanceCheckView.as_view(); Methods: GET Technical details: extends APIView. implements GET handlers. authentication: [CustomTokenAuthentication]. permissions: [IsAuthenticated]. reads request.user. retrieves model records. explicit conditions include: not encrypted; not balance. implementation: procurement/views.py.,Active,,,"Business Logic: This API is used to manage farmer procurement registration, procurement data, payments, or procurement operations. Authentication: CustomTokenAuthentication. Authorization: IsAuthenticated. Data flow: retrieves existing records, uses the authenticated user context. Key business/validation rules documented in the KT: not encrypted; not balance. Implementation: procurement/views.py. Live API inventory reference: procurementGetBalanceAxis."
,API,procurement/urls.py,get-status/,Endpoint: /api/v1/procurement/get-status/; Handler: views.CheckBulkPaymentStatusAPIView.as_view(); Methods: POST Technical details: extends APIView. implements POST handlers. retrieves model records; filters querysets; saves model instances. explicit conditions include: not pending_payments.exists(); not encrypted; transfer_status == 'S'; transfer_status == 'F'. implementation: procurement/views.py.,Inactive,,,"Business Logic: This API is used to manage farmer procurement registration, procurement data, payments, or procurement operations. Data flow: retrieves existing records, applies queryset/filtering rules, persists updates to model instances. Key business/validation rules documented in the KT: not pending_payments.exists(); not encrypted; transfer_status == 'S'; transfer_status == 'F'. Implementation: procurement/views.py. Status note: This endpoint is not present in the supplied live API inventory, so it is marked Inactive for KT purposes."
,API,procurement/urls.py,generate-qr-auth/,Endpoint: /api/v1/procurement/generate-qr-auth/; Handler: views.EnableGoogleAuthAPIView.as_view(); Methods: POST Technical details: extends APIView. implements POST handlers. authentication: [CustomTokenAuthentication]. permissions: [IsAuthenticated]. reads request.user. saves model instances. explicit conditions include: not user.google_auth_secret. implementation: procurement/views.py.,Active,,,"Business Logic: This API is used to manage farmer procurement registration, procurement data, payments, or procurement operations. Authentication: CustomTokenAuthentication. Authorization: IsAuthenticated. Data flow: persists updates to model instances, uses the authenticated user context. Key business/validation rules documented in the KT: not user.google_auth_secret. Implementation: procurement/views.py. Live API inventory reference: procurementgenerateQrAuth."
Project,Module Itself,,Project,,Active,,,
,API,Project/urls.py,^docs/$,,Inactive,,,"Business Logic: This API is used to support the corresponding application workflow described by the endpoint name and implementation. Status note: This endpoint is not present in the supplied live API inventory, so it is marked Inactive for KT purposes."
,API,Project/urls.py,admin/bd_dash/,Endpoint: /admin/bd_dash/; Handler: bd_dash; Methods: declared by view Technical details: handler bd_dash is declared in Project/urls.py.,Inactive,,,"Business Logic: This API is used to support the corresponding application workflow described by the endpoint name and implementation. Status note: This endpoint is not present in the supplied live API inventory, so it is marked Inactive for KT purposes."
,API,Project/urls.py,admin/export_bd_dash/,Endpoint: /admin/export_bd_dash/; Handler: exportBdManager; Methods: declared by view Technical details: handler exportBdManager is declared in Project/urls.py.,Inactive,,,"Business Logic: This API is used to provide dashboard/reporting data or export operational data. Status note: This endpoint is not present in the supplied live API inventory, so it is marked Inactive for KT purposes."
,API,Project/urls.py,admin/bd_dash_details/<str:name>/,Endpoint: /admin/bd_dash_details/<str:name>/; Handler: bd_dash_details; Methods: declared by view Technical details: handler bd_dash_details is declared in Project/urls.py.,Inactive,,,"Business Logic: This API is used to retrieve the relevant application data for the requesting user or administrative workflow. Status note: This endpoint is not present in the supplied live API inventory, so it is marked Inactive for KT purposes."
,API,Project/urls.py,admin/bd-activity-subtask/,Endpoint: /admin/bd-activity-subtask/; Handler: bd_activity_subtask_template; Methods: declared by view Technical details: handler bd_activity_subtask_template is declared in Project/urls.py.,Inactive,,,"Business Logic: This API is used to manage or retrieve farmer farm-activity records and activity execution data. Status note: This endpoint is not present in the supplied live API inventory, so it is marked Inactive for KT purposes."
,API,Project/urls.py,admin/bd-subtask-show/<id>,Endpoint: /admin/bd-subtask-show/<id>; Handler: bd_activity_subtask; Methods: declared by view Technical details: handler bd_activity_subtask is declared in Project/urls.py.,Inactive,,,"Business Logic: This API is used to manage business-development/project tasks, subtasks, assignments, and follow-ups. Status note: This endpoint is not present in the supplied live API inventory, so it is marked Inactive for KT purposes."
,API,Project/urls.py,admin/,Endpoint: /admin/; Handler: admin.site.urls; Methods: declared by view Technical details: handler admin.site.urls is declared in Project/urls.py.,Inactive,,,"Business Logic: This API is used to support the corresponding application workflow described by the endpoint name and implementation. Status note: This endpoint is not present in the supplied live API inventory, so it is marked Inactive for KT purposes."
,API,Project/urls.py,api/,Include: app_farm.urls; Mounted at: /api/ Technical details: route declaration or handler could not be resolved from the current source.,Inactive,,,"Business Logic: This API is used to support the corresponding application workflow described by the endpoint name and implementation. Status note: This endpoint is not present in the supplied live API inventory, so it is marked Inactive for KT purposes."
,API,Project/urls.py,api/v1/,Include: app_farm.routes; Mounted at: /api/v1/ Technical details: route declaration or handler could not be resolved from the current source.,Inactive,,,"Business Logic: This API is used to support the corresponding application workflow described by the endpoint name and implementation. Status note: This endpoint is not present in the supplied live API inventory, so it is marked Inactive for KT purposes."
,API,Project/urls.py,api/v1/verify/,Include: verification.urls; Mounted at: /api/v1/verify/ Technical details: route declaration or handler could not be resolved from the current source.,Inactive,,,"Business Logic: This API is used to support the corresponding application workflow described by the endpoint name and implementation. Status note: This endpoint is not present in the supplied live API inventory, so it is marked Inactive for KT purposes."
,API,Project/urls.py,api/v1/onemoney/,Include: onemoney.urls; Mounted at: /api/v1/onemoney/ Technical details: route declaration or handler could not be resolved from the current source.,Inactive,,,"Business Logic: This API is used to support the corresponding application workflow described by the endpoint name and implementation. Status note: This endpoint is not present in the supplied live API inventory, so it is marked Inactive for KT purposes."
,API,Project/urls.py,api/v1/record/,Include: recordActivity.urls; Mounted at: /api/v1/record/ Technical details: route declaration or handler could not be resolved from the current source.,Inactive,,,"Business Logic: This API is used to manage or retrieve farmer farm-activity records and activity execution data. Status note: This endpoint is not present in the supplied live API inventory, so it is marked Inactive for KT purposes."
,API,Project/urls.py,api/v1/pop/,Include: pop_manage.urls; Mounted at: /api/v1/pop/ Technical details: route declaration or handler could not be resolved from the current source.,Inactive,,,"Business Logic: This API is used to manage or retrieve Package of Practice (POP) information for farm/crop activity planning. Status note: This endpoint is not present in the supplied live API inventory, so it is marked Inactive for KT purposes."
,API,Project/urls.py,api/v1/requests/,Include: all_requests.urls; Mounted at: /api/v1/requests/ Technical details: route declaration or handler could not be resolved from the current source.,Inactive,,,"Business Logic: This API is used to support the corresponding application workflow described by the endpoint name and implementation. Status note: This endpoint is not present in the supplied live API inventory, so it is marked Inactive for KT purposes."
,API,Project/urls.py,api/v1/cms/,Include: cms.urls; Mounted at: /api/v1/cms/ Technical details: route declaration or handler could not be resolved from the current source.,Inactive,,,"Business Logic: This API is used to retrieve configurable CMS, multilingual, page, or form content used by the application. Status note: This endpoint is not present in the supplied live API inventory, so it is marked Inactive for KT purposes."
,API,Project/urls.py,api/v1/farm_category/,Include: farm_category.urls; Mounted at: /api/v1/farm_category/ Technical details: route declaration or handler could not be resolved from the current source.,Inactive,,,Business logic could not be resolved from the current route declaration.
,API,Project/urls.py,api/v1/broadcast/,Include: broadcast.urls; Mounted at: /api/v1/broadcast/ Technical details: route declaration or handler could not be resolved from the current source.,Inactive,,,"Business Logic: This API is used to support the corresponding application workflow described by the endpoint name and implementation. Status note: This endpoint is not present in the supplied live API inventory, so it is marked Inactive for KT purposes."
,API,Project/urls.py,vision/,Include: vision.urls; Mounted at: /vision/ Technical details: route declaration or handler could not be resolved from the current source.,Inactive,,,"Business Logic: This API is used to support the corresponding application workflow described by the endpoint name and implementation. Status note: This endpoint is not present in the supplied live API inventory, so it is marked Inactive for KT purposes."
,API,Project/urls.py,kisancard/<phonenumber>/,Endpoint: /kisancard/<phonenumber>/; Handler: ComingSoon.as_view(); Methods: declared by view Technical details: handler ComingSoon.as_view() is declared in Project/urls.py.,Inactive,,,"Business Logic: This API is used to support the corresponding application workflow described by the endpoint name and implementation. Status note: This endpoint is not present in the supplied live API inventory, so it is marked Inactive for KT purposes."
,API,Project/urls.py,api/v1/certification/,Include: certification_card.urls; Mounted at: /api/v1/certification/ Technical details: route declaration or handler could not be resolved from the current source.,Inactive,,,"Business Logic: This API is used to support the corresponding application workflow described by the endpoint name and implementation. Status note: This endpoint is not present in the supplied live API inventory, so it is marked Inactive for KT purposes."
,API,Project/urls.py,api/v1/subscription_service/,Include: subscription_service.urls; Mounted at: /api/v1/subscription_service/ Technical details: route declaration or handler could not be resolved from the current source.,Inactive,,,"Business Logic: This API is used to manage subscription packages/services and coupon eligibility. Status note: This endpoint is not present in the supplied live API inventory, so it is marked Inactive for KT purposes."
,API,Project/urls.py,api/v1/payment/,Include: payment.urls; Mounted at: /api/v1/payment/ Technical details: route declaration or handler could not be resolved from the current source.,Inactive,,,"Business Logic: This API is used to initiate or manage a business payment transaction. Status note: This endpoint is not present in the supplied live API inventory, so it is marked Inactive for KT purposes."
,API,Project/urls.py,api/v1/sponsor/,Include: sponsor.urls; Mounted at: /api/v1/sponsor/ Technical details: route declaration or handler could not be resolved from the current source.,Inactive,,,"Business Logic: This API is used to manage or retrieve sponsored-farmer information. Status note: This endpoint is not present in the supplied live API inventory, so it is marked Inactive for KT purposes."
,API,Project/urls.py,api/v1/survey/,Include: survey.urls; Mounted at: /api/v1/survey/ Technical details: route declaration or handler could not be resolved from the current source.,Inactive,,,"Business Logic: This API is used to retrieve, create, or manage survey definitions and farmer survey responses. Status note: This endpoint is not present in the supplied live API inventory, so it is marked Inactive for KT purposes."
,API,Project/urls.py,api/v1/core/,Include: core.urls; Mounted at: /api/v1/core/ Technical details: route declaration or handler could not be resolved from the current source.,Inactive,,,"Business Logic: This API is used to support the corresponding application workflow described by the endpoint name and implementation. Status note: This endpoint is not present in the supplied live API inventory, so it is marked Inactive for KT purposes."
,API,Project/urls.py,api/v1/procurement/,Include: procurement.urls; Mounted at: /api/v1/procurement/ Technical details: route declaration or handler could not be resolved from the current source.,Inactive,,,"Business Logic: This API is used to manage farmer procurement registration, procurement data, payments, or procurement operations. Status note: This endpoint is not present in the supplied live API inventory, so it is marked Inactive for KT purposes."
,API,Project/urls.py,api/v1/insurance/,Include: insurance.urls; Mounted at: /api/v1/insurance/ Technical details: route declaration or handler could not be resolved from the current source.,Inactive,,,"Business Logic: This API is used to manage insurance enrolment, household/member details, consent, payment, or eligibility. Status note: This endpoint is not present in the supplied live API inventory, so it is marked Inactive for KT purposes."
,API,Project/urls.py,dashboard/,Include: webdashboard.urls; Mounted at: /dashboard/ Technical details: route declaration or handler could not be resolved from the current source.,Inactive,,,"Business Logic: This API is used to provide dashboard/reporting data or export operational data. Status note: This endpoint is not present in the supplied live API inventory, so it is marked Inactive for KT purposes."
,API,Project/urls.py,ckeditor5/,Include: django_ckeditor_5.urls; Mounted at: /ckeditor5/ Technical details: route declaration or handler could not be resolved from the current source.,Inactive,,,"Business Logic: This API is used to update the relevant application record using the submitted data and endpoint validations. Status note: This endpoint is not present in the supplied live API inventory, so it is marked Inactive for KT purposes."
recordActivity,Module Itself,,recordActivity,,Active,,,
,API,recordActivity/urls.py,get-all-activity/,"Endpoint: /api/v1/recordActivity/get-all-activity/; Handler: views.GetAllActivity.as_view(); Methods: GET Technical details: extends APIView. implements GET handlers. authentication: [CustomTokenAuthentication]. permissions: [IsAuthenticated]. reads request.GET, request.user. filters querysets. returns a DRF/Django response. implementation: recordActivity/views.py.",Active,,,This shows list of Activities from Activity table. It acts like Custom form table it also has another table with fields which we show in activity questions
,API,recordActivity/urls.py,get-all-activity-pp/,Endpoint: /api/v1/recordActivity/get-all-activity-pp/; Handler: views.GetAllActivityPP.as_view(); Methods: GET Technical details: extends APIView. implements GET handlers. permissions: [AllowAny]. reads request.GET. filters querysets. returns a DRF/Django response. implementation: recordActivity/views.py.,Inactive,,,it used 
,API,recordActivity/urls.py,get-activity-fields/<farm_id>/<activity_record_id>/,Endpoint: /api/v1/recordActivity/get-activity-fields/<farm_id>/<activity_record_id>/; Handler: views.GetActivityFields.as_view(); Methods: GET Technical details: extends APIView. implements GET handlers. retrieves model records; filters querysets. explicit conditions include: crop_id; variety_id; not activity_fields.exists(). implementation: recordActivity/views.py.,Inactive,,,"Business Logic: This API is used to manage or retrieve farmer farm-activity records and activity execution data. Data flow: retrieves existing records, applies queryset/filtering rules. Key business/validation rules documented in the KT: crop_id; variety_id; not activity_fields.exists(). Implementation: recordActivity/views.py. Status note: This endpoint is not present in the supplied live API inventory, so it is marked Inactive for KT purposes."
,API,recordActivity/urls.py,create-das-activity/,"Endpoint: /api/v1/recordActivity/create-das-activity/; Handler: views.CreateActivityDas.as_view(); Methods: POST Technical details: extends APIView. implements POST handlers. authentication: [CustomTokenAuthentication]. permissions: [IsAuthenticated]. reads request.FILES, request.POST, request.user. creates model records; filters querysets. returns a DRF/Django response. explicit conditions include: not validator.is_valid(); 'farm_id' in data.keys(); 'latitude' in data.keys(); 'longitude' in data.keys(); latitude != 0 and longitude != 0. implementation: recordActivity/views.py.",Active,,,"Business Logic: This API is used to manage or retrieve farmer farm-activity records and activity execution data. Authentication: CustomTokenAuthentication. Authorization: IsAuthenticated. Data flow: creates the required database records, applies queryset/filtering rules. Key business/validation rules documented in the KT: not validator.is_valid(); 'farm_id' in data.keys(); 'latitude' in data.keys(); 'longitude' in data.keys(); latitude != 0 and longitude != 0. Implementation: recordActivity/views.py. Live API inventory reference: createActivityUrl."
,API,recordActivity/urls.py,edit-das-activity/<int:activity_id>/,"Endpoint: /api/v1/recordActivity/edit-das-activity/<int:activity_id>/; Handler: views.EditActivityDas.as_view(); Methods: GET, PATCH Technical details: extends APIView. implements GET, PATCH handlers. authentication: [CustomTokenAuthentication]. permissions: [IsAuthenticated]. reads request.FILES, request.data. creates model records; retrieves model records; filters querysets; saves model instances. returns a DRF/Django response. explicit conditions include: not validator.is_valid(); 'activity_id' in validated; 'farm_id' in validated; 'data' in validated; 'date_of_activity' in validated. implementation: recordActivity/views.py.",Inactive,,,"Business Logic: This API is used to manage or retrieve farmer farm-activity records and activity execution data. Authentication: CustomTokenAuthentication. Authorization: IsAuthenticated. Data flow: creates the required database records, retrieves existing records, applies queryset/filtering rules, persists updates to model instances. Key business/validation rules documented in the KT: not validator.is_valid(); 'activity_id' in validated; 'farm_id' in validated; 'data' in validated; 'date_of_activity' in validated. Implementation: recordActivity/views.py. Status note: This endpoint is not present in the supplied live API inventory, so it is marked Inactive for KT purposes."
,API,recordActivity/urls.py,get-farmer-activity/<farmerid>/,"Endpoint: /api/v1/recordActivity/get-farmer-activity/<farmerid>/; Handler: views.GetFarmerActivity.as_view(); Methods: GET Technical details: extends APIView, PageNumberPagination. implements GET handlers. declares queryset: queryset.filter(...). authentication: [CustomTokenAuthentication]. permissions: [IsAuthenticated]. reads request.GET. filters querysets; paginates results; returns paginated results. returns a DRF/Django response. explicit conditions include: date; page and (not paginated_qs) and queryset.exists(). implementation: recordActivity/views.py.",Inactive,,,"Business Logic: This API is used to manage or retrieve farmer farm-activity records and activity execution data. Authentication: CustomTokenAuthentication. Authorization: IsAuthenticated. Data flow: applies queryset/filtering rules, supports paginated result retrieval, reads query parameters. Key business/validation rules documented in the KT: date; page and (not paginated_qs) and queryset.exists(). Implementation: recordActivity/views.py. Status note: This endpoint is not present in the supplied live API inventory, so it is marked Inactive for KT purposes."
,API,recordActivity/urls.py,pp-get-farmer-activity/<farm_id>/,Endpoint: /api/v1/recordActivity/pp-get-farmer-activity/<farm_id>/; Handler: views.PPGetFarmerActivity.as_view(); Methods: GET Technical details: extends APIView. implements GET handlers. permissions: [AllowAny]. reads request.GET. filters querysets. returns a DRF/Django response. explicit conditions include: date. implementation: recordActivity/views.py.,Inactive,,,"Business Logic: This API is used to manage or retrieve farmer farm-activity records and activity execution data. Authorization: AllowAny. Data flow: applies queryset/filtering rules, reads query parameters. Key business/validation rules documented in the KT: date. Implementation: recordActivity/views.py. Status note: This endpoint is not present in the supplied live API inventory, so it is marked Inactive for KT purposes."
,API,recordActivity/urls.py,get-all-record/,Endpoint: /api/v1/recordActivity/get-all-record/; Handler: views.GetAllOtherActivity.as_view(); Methods: GET Technical details: extends APIView. implements GET handlers. authentication: [CustomTokenAuthentication]. permissions: [IsAuthenticated]. reads request.user. filters querysets. returns a DRF/Django response. explicit conditions include: organization_id. implementation: recordActivity/views.py.,Active,,,"Business Logic: This API is used to manage or retrieve farmer farm-activity records and activity execution data. Authentication: CustomTokenAuthentication. Authorization: IsAuthenticated. Data flow: applies queryset/filtering rules, uses the authenticated user context. Key business/validation rules documented in the KT: organization_id. Implementation: recordActivity/views.py. Live API inventory reference: recordActivityListUrl."
,API,recordActivity/urls.py,create-record/,"Endpoint: /api/v1/recordActivity/create-record/; Handler: views.CreateOTRDas.as_view(); Methods: POST Technical details: extends APIView. implements POST handlers. authentication: [CustomTokenAuthentication]. permissions: [IsAuthenticated]. reads request.data, request.user. creates model records; filters querysets. returns a DRF/Django response. explicit conditions include: not validator.is_valid(); das and request.user.organization.company_id == 'ABIN001'. implementation: recordActivity/views.py.",Active,,,"Business Logic: This API is used to manage or retrieve farmer farm-activity records and activity execution data. Authentication: CustomTokenAuthentication. Authorization: IsAuthenticated. Data flow: creates the required database records, applies queryset/filtering rules, reads submitted request payload data. Key business/validation rules documented in the KT: not validator.is_valid(); das and request.user.organization.company_id == 'ABIN001'. Implementation: recordActivity/views.py. Live API inventory reference: createRecordActivityUrl."
,API,recordActivity/urls.py,get-farmer-record/<farmerid>/,Endpoint: /api/v1/recordActivity/get-farmer-record/<farmerid>/; Handler: views.GetFarmerOTRActivity.as_view(); Methods: GET Technical details: extends APIView. implements GET handlers. authentication: [CustomTokenAuthentication]. permissions: [IsAuthenticated]. filters querysets. returns a DRF/Django response. implementation: recordActivity/views.py.,Inactive,,,"Business Logic: This API is used to manage or retrieve farmer farm-activity records and activity execution data. Authentication: CustomTokenAuthentication. Authorization: IsAuthenticated. Data flow: applies queryset/filtering rules. Implementation: recordActivity/views.py. Status note: This endpoint is not present in the supplied live API inventory, so it is marked Inactive for KT purposes."
,API,recordActivity/urls.py,get-activity-count/,"Endpoint: /api/v1/recordActivity/get-activity-count/; Handler: views.GetActivityCount.as_view(); Methods: GET Technical details: extends APIView. implements GET handlers. authentication: [CustomTokenAuthentication]. permissions: [IsAuthenticated]. reads request.GET, request.user. filters querysets. returns a DRF/Django response. explicit conditions include: user_data.user_role.role_name != 'Admin'; user_type == 'farmer'; farmer_id; farm_ids; data. implementation: recordActivity/views.py.",Active,,,"Business Logic: This API is used to manage or retrieve farmer farm-activity records and activity execution data. Authentication: CustomTokenAuthentication. Authorization: IsAuthenticated. Data flow: applies queryset/filtering rules, reads query parameters. Key business/validation rules documented in the KT: user_data.user_role.role_name != 'Admin'; user_type == 'farmer'; farmer_id; farm_ids; data. Implementation: recordActivity/views.py. Live API inventory reference: activityListAdminUrl, activityListByUser."
,API,recordActivity/urls.py,get-activity-list/<activity_id>/,"Endpoint: /api/v1/recordActivity/get-activity-list/<activity_id>/; Handler: views.GetActivityFPO.as_view(); Methods: GET Technical details: extends APIView, PageNumberPagination. implements GET handlers. declares queryset: queryset.filter(...). authentication: [CustomTokenAuthentication]. permissions: [IsAuthenticated]. reads request.GET, request.user. filters querysets; paginates results; returns paginated results. explicit conditions include: user_data.user_role.role_name != 'Admin'; user_type == 'farmer'; farmer_id; farm_ids; page. implementation: recordActivity/views.py.",Inactive,,,"Business Logic: This API is used to manage or retrieve farmer farm-activity records and activity execution data. Authentication: CustomTokenAuthentication. Authorization: IsAuthenticated. Data flow: applies queryset/filtering rules, supports paginated result retrieval, reads query parameters. Key business/validation rules documented in the KT: user_data.user_role.role_name != 'Admin'; user_type == 'farmer'; farmer_id; farm_ids; page. Implementation: recordActivity/views.py. Status note: This endpoint is not present in the supplied live API inventory, so it is marked Inactive for KT purposes."
,API,recordActivity/urls.py,task/,"Endpoint: /api/v1/recordActivity/task/; Handler: views.CreateTaskBD.as_view(); Methods: GET, POST Technical details: extends APIView, PageNumberPagination. implements GET, POST handlers. declares queryset: queryset.filter(...). authentication: [CustomTokenAuthentication]. permissions: [IsAuthenticated]. reads request.GET, request.data, request.user. creates model records; filters querysets; paginates results; returns paginated results. returns a DRF/Django response. explicit conditions include: bd_id; query_text; start_date and end_date; status; page. implementation: recordActivity/views.py.",Active,,,"Business Logic: This API is used to manage or retrieve farmer farm-activity records and activity execution data. Authentication: CustomTokenAuthentication. Authorization: IsAuthenticated. Data flow: creates the required database records, applies queryset/filtering rules, supports paginated result retrieval, reads query parameters. Key business/validation rules documented in the KT: bd_id; query_text; start_date and end_date; status; page. Implementation: recordActivity/views.py. Live API inventory reference: createGetBdTaskUrl."
,API,recordActivity/urls.py,task-update/,Endpoint: /api/v1/recordActivity/task-update/; Handler: views.UpdateTaskBD.as_view(); Methods: POST Technical details: extends APIView. implements POST handlers. authentication: [CustomTokenAuthentication]. permissions: [IsAuthenticated]. reads request.data. filters querysets. explicit conditions include: not validator.is_valid(); check. implementation: recordActivity/views.py.,Active,,,"Business Logic: This API is used to manage or retrieve farmer farm-activity records and activity execution data. Authentication: CustomTokenAuthentication. Authorization: IsAuthenticated. Data flow: applies queryset/filtering rules, reads submitted request payload data. Key business/validation rules documented in the KT: not validator.is_valid(); check. Implementation: recordActivity/views.py. Live API inventory reference: bdUpdateTaskURL."
,API,recordActivity/urls.py,subtask/,"Endpoint: /api/v1/recordActivity/subtask/; Handler: views.CreateSubTaskBD.as_view(); Methods: GET, POST Technical details: extends APIView, PageNumberPagination. implements GET, POST handlers. declares queryset: queryset.filter(...). authentication: [CustomTokenAuthentication]. permissions: [IsAuthenticated]. reads request.FILES, request.data, request.user. creates model records; filters querysets; saves model instances; paginates results; returns paginated results. explicit conditions include: task; page; not validator.is_valid(); 'description' in data.keys(); subtask_count >= task.sub_task_size. implementation: recordActivity/views.py.",Active,,,"Business Logic: This API is used to manage or retrieve farmer farm-activity records and activity execution data. Authentication: CustomTokenAuthentication. Authorization: IsAuthenticated. Data flow: creates the required database records, applies queryset/filtering rules, persists updates to model instances, supports paginated result retrieval. Key business/validation rules documented in the KT: task; page; not validator.is_valid(); 'description' in data.keys(); subtask_count >= task.sub_task_size. Implementation: recordActivity/views.py. Live API inventory reference: createGetBdSubTaskUrl."
,API,recordActivity/urls.py,get-followup-calendar/,"Endpoint: /api/v1/recordActivity/get-followup-calendar/; Handler: views.GetFollowupCalendar.as_view(); Methods: GET Technical details: extends APIView, PageNumberPagination. implements GET handlers. declares queryset: self.get_queryset(...). authentication: [CustomTokenAuthentication]. permissions: [IsAuthenticated]. reads request.GET, request.user. filters querysets; paginates results; returns paginated results. explicit conditions include: date; page. implementation: recordActivity/views.py.",Active,,,"Business Logic: This API is used to manage or retrieve farmer farm-activity records and activity execution data. Authentication: CustomTokenAuthentication. Authorization: IsAuthenticated. Data flow: applies queryset/filtering rules, supports paginated result retrieval, reads query parameters. Key business/validation rules documented in the KT: date; page. Implementation: recordActivity/views.py. Live API inventory reference: getFollowUpTasksUrl."
,API,recordActivity/urls.py,subtask/<taskid>/,"Endpoint: /api/v1/recordActivity/subtask/<taskid>/; Handler: views.CreateSubTaskBD.as_view(); Methods: GET, POST Technical details: extends APIView, PageNumberPagination. implements GET, POST handlers. declares queryset: queryset.filter(...). authentication: [CustomTokenAuthentication]. permissions: [IsAuthenticated]. reads request.FILES, request.data, request.user. creates model records; filters querysets; saves model instances; paginates results; returns paginated results. explicit conditions include: task; page; not validator.is_valid(); 'description' in data.keys(); subtask_count >= task.sub_task_size. implementation: recordActivity/views.py.",Inactive,,,"Business Logic: This API is used to manage or retrieve farmer farm-activity records and activity execution data. Authentication: CustomTokenAuthentication. Authorization: IsAuthenticated. Data flow: creates the required database records, applies queryset/filtering rules, persists updates to model instances, supports paginated result retrieval. Key business/validation rules documented in the KT: task; page; not validator.is_valid(); 'description' in data.keys(); subtask_count >= task.sub_task_size. Implementation: recordActivity/views.py. Status note: This endpoint is not present in the supplied live API inventory, so it is marked Inactive for KT purposes."
,API,recordActivity/urls.py,get-bd-user/,"Endpoint: /api/v1/recordActivity/get-bd-user/; Handler: views.GetBDListForManager.as_view(); Methods: GET Technical details: extends APIView, PageNumberPagination. implements GET handlers. declares queryset: queryset.filter(...). authentication: [CustomTokenAuthentication]. permissions: [IsAuthenticated]. reads request.GET, request.user. filters querysets; paginates results; returns paginated results. explicit conditions include: curren_user_role == constants.SLUGS['USER_ROLES']['ZONAL_HEAD']; bd_manager_id; search_query; start_date and end_date; page. implementation: recordActivity/views.py.",Active,,,"Business Logic: This API is used to manage or retrieve farmer farm-activity records and activity execution data. Authentication: CustomTokenAuthentication. Authorization: IsAuthenticated. Data flow: applies queryset/filtering rules, supports paginated result retrieval, reads query parameters. Key business/validation rules documented in the KT: curren_user_role == constants.SLUGS['USER_ROLES']['ZONAL_HEAD']; bd_manager_id; search_query; start_date and end_date; page. Implementation: recordActivity/views.py. Live API inventory reference: bdManagerListUrl."
,API,recordActivity/urls.py,get-bd-manager/,"Endpoint: /api/v1/recordActivity/get-bd-manager/; Handler: views.GetBDManagerList.as_view(); Methods: GET Technical details: extends APIView, PageNumberPagination. implements GET handlers. declares queryset: queryset.filter(...). authentication: [CustomTokenAuthentication]. permissions: [IsAuthenticated]. reads request.GET, request.user. filters querysets; paginates results; returns paginated results. explicit conditions include: curren_user_role == constants.SLUGS['USER_ROLES']['ZONAL_HEAD']; search_query; page. implementation: recordActivity/views.py.",Active,,,"Business Logic: This API is used to manage or retrieve farmer farm-activity records and activity execution data. Authentication: CustomTokenAuthentication. Authorization: IsAuthenticated. Data flow: applies queryset/filtering rules, supports paginated result retrieval, reads query parameters. Key business/validation rules documented in the KT: curren_user_role == constants.SLUGS['USER_ROLES']['ZONAL_HEAD']; search_query; page. Implementation: recordActivity/views.py. Live API inventory reference: getBDManagerList."
,API,recordActivity/urls.py,get-status-handle/,Endpoint: /api/v1/recordActivity/get-status-handle/; Handler: views.GetStatusHandle.as_view(); Methods: GET Technical details: extends APIView. implements GET handlers. explicit conditions include: data; data. implementation: recordActivity/views.py.,Active,,,Business Logic: This API is used to manage or retrieve farmer farm-activity records and activity execution data. Key business/validation rules documented in the KT: data; data. Implementation: recordActivity/views.py. Live API inventory reference: bdStatusListURL.
,API,recordActivity/urls.py,create_assistant/,"Endpoint: /api/v1/recordActivity/create_assistant/; Handler: views.CreateAssistantView.as_view(); Methods: POST Technical details: extends APIView. implements POST handlers. authentication: [CustomTokenAuthentication]. permissions: [IsAuthenticated]. reads request.data, request.user. explicit conditions include: not name or not key; 'error' in assistant_id.keys(); check. implementation: recordActivity/views.py.",Inactive,,,"Business Logic: This API is used to manage or retrieve farmer farm-activity records and activity execution data. Authentication: CustomTokenAuthentication. Authorization: IsAuthenticated. Data flow: reads submitted request payload data. Key business/validation rules documented in the KT: not name or not key; 'error' in assistant_id.keys(); check. Implementation: recordActivity/views.py. Status note: This endpoint is not present in the supplied live API inventory, so it is marked Inactive for KT purposes."
,API,recordActivity/urls.py,update_assistant/,Endpoint: /api/v1/recordActivity/update_assistant/; Handler: views.UpdateAssistantView.as_view(); Methods: POST Technical details: extends APIView. implements POST handlers. authentication: [CustomTokenAuthentication]. permissions: [IsAuthenticated]. reads request.data. explicit conditions include: not prompt or not assistant_id; 'error' in assistant_id.keys(). implementation: recordActivity/views.py.,Inactive,,,"Business Logic: This API is used to manage or retrieve farmer farm-activity records and activity execution data. Authentication: CustomTokenAuthentication. Authorization: IsAuthenticated. Data flow: reads submitted request payload data. Key business/validation rules documented in the KT: not prompt or not assistant_id; 'error' in assistant_id.keys(). Implementation: recordActivity/views.py. Status note: This endpoint is not present in the supplied live API inventory, so it is marked Inactive for KT purposes."
,API,recordActivity/urls.py,get_assistant_id/,Endpoint: /api/v1/recordActivity/get_assistant_id/; Handler: views.GetAssistantIDViewForCropIdentification.as_view(); Methods: GET Technical details: extends APIView. implements GET handlers. authentication: [CustomTokenAuthentication]. permissions: [IsAuthenticated]. filters querysets. explicit conditions include: not assistant. implementation: recordActivity/views.py.,Inactive,,,"Business Logic: This API is used to manage or retrieve farmer farm-activity records and activity execution data. Authentication: CustomTokenAuthentication. Authorization: IsAuthenticated. Data flow: applies queryset/filtering rules. Key business/validation rules documented in the KT: not assistant. Implementation: recordActivity/views.py. Status note: This endpoint is not present in the supplied live API inventory, so it is marked Inactive for KT purposes."
,API,recordActivity/urls.py,create_thread/,"Endpoint: /api/v1/recordActivity/create_thread/; Handler: views.CreateThreadViewForCropIdentification.as_view(); Methods: POST Technical details: extends APIView. implements POST handlers. authentication: [CustomTokenAuthentication]. permissions: [IsAuthenticated]. reads request.data, request.user. creates model records. explicit conditions include: not assistant_id; 'error' in thread_id.keys(); farm_id == 0. implementation: recordActivity/views.py.",Active,,,"Business Logic: This API is used to manage or retrieve farmer farm-activity records and activity execution data. Authentication: CustomTokenAuthentication. Authorization: IsAuthenticated. Data flow: creates the required database records, reads submitted request payload data. Key business/validation rules documented in the KT: not assistant_id; 'error' in thread_id.keys(); farm_id == 0. Implementation: recordActivity/views.py. Live API inventory reference: createThreadURL."
,API,recordActivity/urls.py,send_conversation/,"Endpoint: /api/v1/recordActivity/send_conversation/; Handler: views.SendConversationView.as_view(); Methods: POST Technical details: extends APIView. implements POST handlers. authentication: [CustomTokenAuthentication]. permissions: [IsAuthenticated]. reads request.FILES, request.data. explicit conditions include: file; not thread_id. implementation: recordActivity/views.py.",Active,,,Business Logic: This API is used to manage or retrieve farmer farm-activity records and activity execution data. Authentication: CustomTokenAuthentication. Authorization: IsAuthenticated. Key business/validation rules documented in the KT: file; not thread_id. Implementation: recordActivity/views.py. Live API inventory reference: sendConversationUrl.
,API,recordActivity/urls.py,run_conversation/,Endpoint: /api/v1/recordActivity/run_conversation/; Handler: views.RunTheConversationView.as_view(); Methods: POST Technical details: extends APIView. implements POST handlers. authentication: [CustomTokenAuthentication]. permissions: [IsAuthenticated]. reads request.data. explicit conditions include: not thread_id. implementation: recordActivity/views.py.,Active,,,Business Logic: This API is used to manage or retrieve farmer farm-activity records and activity execution data. Authentication: CustomTokenAuthentication. Authorization: IsAuthenticated. Data flow: reads submitted request payload data. Key business/validation rules documented in the KT: not thread_id. Implementation: recordActivity/views.py. Live API inventory reference: runConversationUrl.
,API,recordActivity/urls.py,list_runs/,Endpoint: /api/v1/recordActivity/list_runs/; Handler: views.ListTheRunView.as_view(); Methods: POST Technical details: extends APIView. implements POST handlers. authentication: [CustomTokenAuthentication]. permissions: [IsAuthenticated]. reads request.data. explicit conditions include: not thread_id. implementation: recordActivity/views.py.,Inactive,,,"Business Logic: This API is used to manage or retrieve farmer farm-activity records and activity execution data. Authentication: CustomTokenAuthentication. Authorization: IsAuthenticated. Data flow: reads submitted request payload data. Key business/validation rules documented in the KT: not thread_id. Implementation: recordActivity/views.py. Status note: This endpoint is not present in the supplied live API inventory, so it is marked Inactive for KT purposes."
,API,recordActivity/urls.py,get_runs/,Endpoint: /api/v1/recordActivity/get_runs/; Handler: views.GetTheRunView.as_view(); Methods: POST Technical details: extends APIView. implements POST handlers. authentication: [CustomTokenAuthentication]. permissions: [IsAuthenticated]. reads request.data. explicit conditions include: not thread_id. implementation: recordActivity/views.py.,Inactive,,,"Business Logic: This API is used to manage or retrieve farmer farm-activity records and activity execution data. Authentication: CustomTokenAuthentication. Authorization: IsAuthenticated. Data flow: reads submitted request payload data. Key business/validation rules documented in the KT: not thread_id. Implementation: recordActivity/views.py. Status note: This endpoint is not present in the supplied live API inventory, so it is marked Inactive for KT purposes."
,API,recordActivity/urls.py,get_message_of_thread/,Endpoint: /api/v1/recordActivity/get_message_of_thread/; Handler: views.GetTheMessagesFromThreadView.as_view(); Methods: POST Technical details: extends APIView. implements POST handlers. authentication: [CustomTokenAuthentication]. permissions: [IsAuthenticated]. reads request.data. explicit conditions include: not thread_id; response_content and len(response_content['data']) > 0 and (len(response_content['data'][0]['content']) > 0) and (response_content['data'...; count == 5. implementation: recordActivity/views.py.,Active,,,Business Logic: This API is used to manage or retrieve farmer farm-activity records and activity execution data. Authentication: CustomTokenAuthentication. Authorization: IsAuthenticated. Data flow: reads submitted request payload data. Key business/validation rules documented in the KT: not thread_id; response_content and len(response_content['data']) > 0 and (len(response_content['data'][0]['content']) > 0) and (response_content['data'...; count == 5. Implementation: recordActivity/views.py. Live API inventory reference: getMessageUrl.
,API,recordActivity/urls.py,get-farm-report/<farm_id>,"Endpoint: /api/v1/recordActivity/get-farm-report/<farm_id>; Handler: views.GetFarmReportList.as_view(); Methods: GET Technical details: extends APIView, PageNumberPagination. implements GET handlers. declares queryset: self.get_queryset(...). authentication: [CustomTokenAuthentication]. permissions: [IsAuthenticated]. filters querysets; paginates results; returns paginated results. explicit conditions include: page. implementation: recordActivity/views.py.",Inactive,,,"Business Logic: This API is used to manage or retrieve farmer farm-activity records and activity execution data. Authentication: CustomTokenAuthentication. Authorization: IsAuthenticated. Data flow: applies queryset/filtering rules, supports paginated result retrieval. Key business/validation rules documented in the KT: page. Implementation: recordActivity/views.py. Status note: This endpoint is not present in the supplied live API inventory, so it is marked Inactive for KT purposes."
,API,recordActivity/urls.py,send-request-report/<farm_id>,Endpoint: /api/v1/recordActivity/send-request-report/<farm_id>; Handler: views.SendRequestForFarmReport.as_view(); Methods: POST Technical details: extends APIView. implements POST handlers. authentication: [CustomTokenAuthentication]. permissions: [IsAuthenticated]. creates model records; filters querysets. implementation: recordActivity/views.py.,Inactive,,,"Business Logic: This API is used to manage or retrieve farmer farm-activity records and activity execution data. Authentication: CustomTokenAuthentication. Authorization: IsAuthenticated. Data flow: creates the required database records, applies queryset/filtering rules. Implementation: recordActivity/views.py. Status note: This endpoint is not present in the supplied live API inventory, so it is marked Inactive for KT purposes."
,API,recordActivity/urls.py,update-farm/<farm_id>,Endpoint: /api/v1/recordActivity/update-farm/<farm_id>; Handler: views.UpdateFarm.as_view(); Methods: POST Technical details: extends APIView. implements POST handlers. authentication: [CustomTokenAuthentication]. permissions: [IsAuthenticated]. reads request.data. filters querysets. implementation: recordActivity/views.py.,Inactive,,,"Business Logic: This API is used to manage or retrieve farmer farm-activity records and activity execution data. Authentication: CustomTokenAuthentication. Authorization: IsAuthenticated. Data flow: applies queryset/filtering rules, reads submitted request payload data. Implementation: recordActivity/views.py. Status note: This endpoint is not present in the supplied live API inventory, so it is marked Inactive for KT purposes."
,API,recordActivity/urls.py,check-if-request-sent/<farm_id>,Endpoint: /api/v1/recordActivity/check-if-request-sent/<farm_id>; Handler: views.GetCurrentRequest.as_view(); Methods: GET Technical details: extends APIView. implements GET handlers. authentication: [CustomTokenAuthentication]. permissions: [IsAuthenticated]. filters querysets. implementation: recordActivity/views.py.,Inactive,,,"Business Logic: This API is used to manage or retrieve farmer farm-activity records and activity execution data. Authentication: CustomTokenAuthentication. Authorization: IsAuthenticated. Data flow: applies queryset/filtering rules. Implementation: recordActivity/views.py. Status note: This endpoint is not present in the supplied live API inventory, so it is marked Inactive for KT purposes."
,API,recordActivity/urls.py,show-farm-cibil-report/<farm_id>/<report_id>,Endpoint: /api/v1/recordActivity/show-farm-cibil-report/<farm_id>/<report_id>; Handler: views.ShowFarmReport.as_view(); Methods: GET Technical details: extends APIView. implements GET handlers. filters querysets. implementation: recordActivity/views.py.,Inactive,,,"Business Logic: This API is used to perform or retrieve credit/CIBIL-related checks and reports. Data flow: applies queryset/filtering rules. Implementation: recordActivity/views.py. Status note: This endpoint is not present in the supplied live API inventory, so it is marked Inactive for KT purposes."
,API,recordActivity/urls.py,send-mail-report/,Endpoint: /api/v1/recordActivity/send-mail-report/; Handler: views.SendMailForRequest.as_view(); Methods: GET Technical details: extends APIView. implements GET handlers. filters querysets. explicit conditions include: farms_created_today; len(data); signed_url_response.get('success'); upload_response.status_code == 200; ccList. implementation: recordActivity/views.py.,Inactive,,,"Business Logic: This API is used to manage or retrieve farmer farm-activity records and activity execution data. Data flow: applies queryset/filtering rules. Key business/validation rules documented in the KT: farms_created_today; len(data); signed_url_response.get('success'); upload_response.status_code == 200; ccList. Implementation: recordActivity/views.py. Status note: This endpoint is not present in the supplied live API inventory, so it is marked Inactive for KT purposes."
,API,recordActivity/urls.py,send-conversation-ms/,"Endpoint: /api/v1/recordActivity/send-conversation-ms/; Handler: views.SendConversationMS.as_view(); Methods: POST Technical details: extends APIView. implements POST handlers. permissions: [HasValidTokenPermission]. reads request.FILES, request.data. explicit conditions include: not file. implementation: recordActivity/views.py.",Inactive,,,"Business Logic: This API is used to manage or retrieve farmer farm-activity records and activity execution data. Authorization: HasValidTokenPermission. Key business/validation rules documented in the KT: not file. Implementation: recordActivity/views.py. Status note: This endpoint is not present in the supplied live API inventory, so it is marked Inactive for KT purposes."
,API,recordActivity/urls.py,remedy-send-conversation-ms/,Endpoint: /api/v1/recordActivity/remedy-send-conversation-ms/; Handler: views.RemedySendConversationMS.as_view(); Methods: POST Technical details: extends APIView. implements POST handlers. permissions: [HasValidTokenPermission]. reads request.data. creates model records; filters querysets. explicit conditions include: not assistant_id; not lat and (not long); check_crop_data; 'error' in thread_id.keys(); language. implementation: recordActivity/views.py.,Inactive,,,"Business Logic: This API is used to manage or retrieve farmer farm-activity records and activity execution data. Authorization: HasValidTokenPermission. Data flow: creates the required database records, applies queryset/filtering rules, reads submitted request payload data. Key business/validation rules documented in the KT: not assistant_id; not lat and (not long); check_crop_data; 'error' in thread_id.keys(); language. Implementation: recordActivity/views.py. Status note: This endpoint is not present in the supplied live API inventory, so it is marked Inactive for KT purposes."
,API,recordActivity/urls.py,get-message-conversation-ms/,"Endpoint: /api/v1/recordActivity/get-message-conversation-ms/; Handler: views.GetTheMessagesFromThreadViewMS.as_view(); Methods: POST Technical details: extends APIView. implements POST handlers. permissions: [HasValidTokenPermission]. reads request.data. retrieves model records. explicit conditions include: not thread_id; language and language.lower() not in ['english', 'en']. implementation: recordActivity/views.py.",Inactive,,,"Business Logic: This API is used to manage or retrieve farmer farm-activity records and activity execution data. Authorization: HasValidTokenPermission. Data flow: retrieves existing records, reads submitted request payload data. Key business/validation rules documented in the KT: not thread_id; language and language.lower() not in ['english', 'en']. Implementation: recordActivity/views.py. Status note: This endpoint is not present in the supplied live API inventory, so it is marked Inactive for KT purposes."
,API,recordActivity/urls.py,project/<int:project_id>/tasks/,"Endpoint: /api/v1/recordActivity/project/<int:project_id>/tasks/; Handler: views.CreateProjectTask.as_view(); Methods: GET, POST Technical details: extends APIView, PageNumberPagination. implements GET, POST handlers. declares queryset: queryset.filter(...). authentication: [CustomTokenAuthentication]. permissions: [IsAuthenticated]. reads request.data, request.user. creates model records; filters querysets; paginates results; returns paginated results. explicit conditions include: project; page; not validator.is_valid(); 'custom_form_id' in data.keys(); 'activity_id' in data.keys(). implementation: recordActivity/views.py.",Inactive,,,"Business Logic: This API is used to manage or retrieve farmer farm-activity records and activity execution data. Authentication: CustomTokenAuthentication. Authorization: IsAuthenticated. Data flow: creates the required database records, applies queryset/filtering rules, supports paginated result retrieval, reads submitted request payload data. Key business/validation rules documented in the KT: project; page; not validator.is_valid(); 'custom_form_id' in data.keys(); 'activity_id' in data.keys(). Implementation: recordActivity/views.py. Status note: This endpoint is not present in the supplied live API inventory, so it is marked Inactive for KT purposes."
,API,recordActivity/urls.py,send-conversation-internal/,"Endpoint: /api/v1/recordActivity/send-conversation-internal/; Handler: views.SendConversationInternal.as_view(); Methods: POST Technical details: extends APIView. implements POST handlers. authentication: [CustomTokenAuthentication]. permissions: [IsAuthenticated]. reads request.FILES, request.data, request.user. explicit conditions include: not file. implementation: recordActivity/views.py.",Active,,,Business Logic: This API is used to manage or retrieve farmer farm-activity records and activity execution data. Authentication: CustomTokenAuthentication. Authorization: IsAuthenticated. Key business/validation rules documented in the KT: not file. Implementation: recordActivity/views.py. Live API inventory reference: cropSendConversationInternal.
,API,recordActivity/urls.py,get-message-conversation-internal/,"Endpoint: /api/v1/recordActivity/get-message-conversation-internal/; Handler: views.GetTheMessagesFromThreadViewInternal.as_view(); Methods: POST Technical details: extends APIView. implements POST handlers. authentication: [CustomTokenAuthentication]. permissions: [IsAuthenticated]. reads request.data, request.user. retrieves model records. explicit conditions include: not thread_id; language and language.lower() not in ['english', 'en']. implementation: recordActivity/views.py.",Active,,,"Business Logic: This API is used to manage or retrieve farmer farm-activity records and activity execution data. Authentication: CustomTokenAuthentication. Authorization: IsAuthenticated. Data flow: retrieves existing records, reads submitted request payload data. Key business/validation rules documented in the KT: not thread_id; language and language.lower() not in ['english', 'en']. Implementation: recordActivity/views.py. Live API inventory reference: cropGetMessageConversationInternal."
,API,recordActivity/urls.py,project-task-farm/,"Endpoint: /api/v1/recordActivity/project-task-farm/; Handler: views.CreateProjectTaskFarm.as_view(); Methods: GET, POST Technical details: extends APIView, PageNumberPagination. implements GET, POST handlers. declares queryset: queryset.filter(...). authentication: [CustomTokenAuthentication]. permissions: [IsAuthenticated]. reads request.data, request.user. creates model records; retrieves model records; filters querysets; paginates results; returns paginated results. explicit conditions include: project_task_id; project_task; farm_id; start_date and end_date; page. implementation: recordActivity/views.py.",Active,,,"Business Logic: This API is used to manage or retrieve farmer farm-activity records and activity execution data. Authentication: CustomTokenAuthentication. Authorization: IsAuthenticated. Data flow: creates the required database records, retrieves existing records, applies queryset/filtering rules, supports paginated result retrieval, reads submitted request payload data. Key business/validation rules documented in the KT: project_task_id; project_task; farm_id; start_date and end_date; page. Implementation: recordActivity/views.py. Live API inventory reference: projectTaskList."
,API,recordActivity/urls.py,project-task-farm/<int:project_task_id>/,"Endpoint: /api/v1/recordActivity/project-task-farm/<int:project_task_id>/; Handler: views.CreateProjectTaskFarm.as_view(); Methods: GET, POST Technical details: extends APIView, PageNumberPagination. implements GET, POST handlers. declares queryset: queryset.filter(...). authentication: [CustomTokenAuthentication]. permissions: [IsAuthenticated]. reads request.data, request.user. creates model records; retrieves model records; filters querysets; paginates results; returns paginated results. explicit conditions include: project_task_id; project_task; farm_id; start_date and end_date; page. implementation: recordActivity/views.py.",Inactive,,,"Business Logic: This API is used to manage or retrieve farmer farm-activity records and activity execution data. Authentication: CustomTokenAuthentication. Authorization: IsAuthenticated. Data flow: creates the required database records, retrieves existing records, applies queryset/filtering rules, supports paginated result retrieval, reads submitted request payload data. Key business/validation rules documented in the KT: project_task_id; project_task; farm_id; start_date and end_date; page. Implementation: recordActivity/views.py. Status note: This endpoint is not present in the supplied live API inventory, so it is marked Inactive for KT purposes."
,API,recordActivity/urls.py,assign-today-task,Endpoint: /api/v1/recordActivity/assign-today-task; Handler: views.AssignTask.as_view(); Methods: POST Technical details: extends APIView. implements POST handlers. returns a DRF/Django response. implementation: recordActivity/views.py.,Inactive,,,"Business Logic: This API is used to manage or retrieve farmer farm-activity records and activity execution data. Implementation: recordActivity/views.py. Status note: This endpoint is not present in the supplied live API inventory, so it is marked Inactive for KT purposes."
,API,recordActivity/urls.py,get-weather-based-details/<farm>/,Endpoint: /api/v1/recordActivity/get-weather-based-details/<farm>/; Handler: views.GetWeatherBasedDetails.as_view(); Methods: GET Technical details: extends APIView. implements GET handlers. explicit conditions include: fyllo.authenticate(). implementation: recordActivity/views.py.,Inactive,,,"Business Logic: This API is used to retrieve weather-aware information used for farm/activity decisions. Key business/validation rules documented in the KT: fyllo.authenticate(). Implementation: recordActivity/views.py. Status note: This endpoint is not present in the supplied live API inventory, so it is marked Inactive for KT purposes."
,API,recordActivity/urls.py,training/,"Endpoint: /api/v1/recordActivity/training/; Handler: views.TrainingExecutionAPI.as_view(); Methods: GET, POST Technical details: extends APIView, PageNumberPagination. implements GET, POST handlers. declares queryset: self.get_queryset(...). authentication: [CustomTokenAuthentication]. permissions: [IsAuthenticated]. reads request.GET, request.data, request.user. creates model records; retrieves model records; filters querysets; paginates results; returns paginated results. returns a DRF/Django response. explicit conditions include: page; not training_id or not form_response; form_response and isinstance(form_response, str). implementation: recordActivity/views.py.",Active,,,"Business Logic: This API is used to manage or retrieve farmer farm-activity records and activity execution data. Authentication: CustomTokenAuthentication. Authorization: IsAuthenticated. Data flow: creates the required database records, retrieves existing records, applies queryset/filtering rules, supports paginated result retrieval, reads query parameters. Key business/validation rules documented in the KT: page; not training_id or not form_response; form_response and isinstance(form_response, str). Implementation: recordActivity/views.py. Live API inventory reference: createtrainingUrl."
,API,recordActivity/urls.py,training-execution/,"Endpoint: /api/v1/recordActivity/training-execution/; Handler: views.TrainingExecutionListAPI.as_view(); Methods: GET Technical details: extends APIView, PageNumberPagination. implements GET handlers. declares queryset: self.get_queryset(...). authentication: [CustomTokenAuthentication]. permissions: [IsAuthenticated]. filters querysets; paginates results; returns paginated results. explicit conditions include: page. implementation: recordActivity/views.py.",Active,,,"Business Logic: This API is used to manage or retrieve farmer farm-activity records and activity execution data. Authentication: CustomTokenAuthentication. Authorization: IsAuthenticated. Data flow: applies queryset/filtering rules, supports paginated result retrieval. Key business/validation rules documented in the KT: page. Implementation: recordActivity/views.py. Live API inventory reference: getMeetingListUrl."
,API,recordActivity/urls.py,training/form/<int:training_id>/,Endpoint: /api/v1/recordActivity/training/form/<int:training_id>/; Handler: views.TrainingFormAPIView.as_view(); Methods: GET Technical details: extends APIView. implements GET handlers. authentication: [CustomTokenAuthentication]. permissions: [IsAuthenticated]. returns a DRF/Django response. explicit conditions include: not training.custom_form. implementation: recordActivity/views.py.,Inactive,,,"Business Logic: This API is used to manage or retrieve farmer farm-activity records and activity execution data. Authentication: CustomTokenAuthentication. Authorization: IsAuthenticated. Key business/validation rules documented in the KT: not training.custom_form. Implementation: recordActivity/views.py. Status note: This endpoint is not present in the supplied live API inventory, so it is marked Inactive for KT purposes."
,API,recordActivity/urls.py,ct-questions/,Endpoint name: ct-questions/; route declaration requires review Technical details: route declaration or handler could not be resolved from the current source.,Inactive,,,"Business Logic: This API is used to support the corresponding application workflow described by the endpoint name and implementation. Status note: This endpoint is not present in the supplied live API inventory, so it is marked Inactive for KT purposes."
,API,recordActivity/urls.py,ct-questions/response/,Endpoint name: ct-questions/response/; route declaration requires review Technical details: route declaration or handler could not be resolved from the current source.,Inactive,,,"Business Logic: This API is used to support the corresponding application workflow described by the endpoint name and implementation. Status note: This endpoint is not present in the supplied live API inventory, so it is marked Inactive for KT purposes."
,API,recordActivity/urls.py,ct-questions/response/<int:question_id>/<int:user_id>/<int:farm_id>/,Endpoint name: ct-questions/response/<int:question_id>/<int:user_id>/<int:farm_id>/; route declaration requires review Technical details: route declaration or handler could not be resolved from the current source.,Inactive,,,"Handles GET, POST requests: creates or submits new records; updates or saves existing records; retrieves related records as part of the workflow; validates and serializes request or response data; reads request.data, request.user; branches on conditions such as pending_response; not validator.is_valid(); isinstance(response_data, str); record_id."
,API,recordActivity/urls.py,drone-sprays/,"Endpoint: /api/v1/recordActivity/drone-sprays/; Handler: views.DroneSprayListCreate.as_view(); Methods: GET, POST Technical details: extends APIView, PageNumberPagination. implements GET, POST handlers. declares queryset: queryset.filter(...). authentication: [CustomTokenAuthentication]. permissions: [IsAuthenticated]. reads request.GET, request.data, request.user. saves model instances; paginates results; returns paginated results. explicit conditions include: farm_id; status_filter; district; organization; farmer. implementation: recordActivity/views.py.",Active,,,"Business Logic: This API is used to manage drone-spray bookings, execution, status, or related records. Authentication: CustomTokenAuthentication. Authorization: IsAuthenticated. Data flow: persists updates to model instances, supports paginated result retrieval, reads query parameters. Key business/validation rules documented in the KT: farm_id; status_filter; district; organization; farmer. Implementation: recordActivity/views.py. Live API inventory reference: droneSpraysListUrl."
,API,recordActivity/urls.py,drone-sprays/<int:booking_id>/,Endpoint: /api/v1/recordActivity/drone-sprays/<int:booking_id>/; Handler: views.DroneSprayDetail.as_view(); Methods: GET Technical details: extends APIView. implements GET handlers. authentication: [CustomTokenAuthentication]. permissions: [IsAuthenticated]. implementation: recordActivity/views.py.,Inactive,,,"Business Logic: This API is used to manage drone-spray bookings, execution, status, or related records. Authentication: CustomTokenAuthentication. Authorization: IsAuthenticated. Implementation: recordActivity/views.py. Status note: This endpoint is not present in the supplied live API inventory, so it is marked Inactive for KT purposes."
,API,recordActivity/urls.py,drone-sprays/<int:booking_id>/execute/,"Endpoint: /api/v1/recordActivity/drone-sprays/<int:booking_id>/execute/; Handler: views.ExecuteDroneSprayBooking.as_view(); Methods: GET, PATCH Technical details: extends APIView. implements GET, PATCH handlers. authentication: [CustomTokenAuthentication]. permissions: [IsAuthenticated]. reads request.data, request.user. saves model instances. explicit conditions include: booking.status not in ['PENDING', 'REQUESTED', 'IN_PROGRESS']; 'farm_data' in data; 'spray_cycle' in data; 'date_of_spraying' in data; 'crop_stage' in data. implementation: recordActivity/views.py.",Active,,,"Business Logic: This API is used to manage drone-spray bookings, execution, status, or related records. Authentication: CustomTokenAuthentication. Authorization: IsAuthenticated. Data flow: persists updates to model instances, reads submitted request payload data. Key business/validation rules documented in the KT: booking.status not in ['PENDING', 'REQUESTED', 'IN_PROGRESS']; 'farm_data' in data; 'spray_cycle' in data; 'date_of_spraying' in data; 'crop_stage' in data. Implementation: recordActivity/views.py. Live API inventory reference: droneSprayExecuteUrl."
,API,recordActivity/urls.py,drone-sprays/<int:booking_id>/status/,"Endpoint: /api/v1/recordActivity/drone-sprays/<int:booking_id>/status/; Handler: views.DroneSprayStatusUpdate.as_view(); Methods: PATCH Technical details: extends APIView. implements PATCH handlers. authentication: [CustomTokenAuthentication]. permissions: [IsAuthenticated]. reads request.data, request.user. retrieves model records; saves model instances. explicit conditions include: not new_status; new_status not in allowed_statuses; new_status == 'REJECTED'; new_status in ['CANCELLED', 'FAILED']; not rejection_reason. implementation: recordActivity/views.py.",Inactive,,,"Business Logic: This API is used to manage drone-spray bookings, execution, status, or related records. Authentication: CustomTokenAuthentication. Authorization: IsAuthenticated. Data flow: retrieves existing records, persists updates to model instances, reads submitted request payload data. Key business/validation rules documented in the KT: not new_status; new_status not in allowed_statuses; new_status == 'REJECTED'; new_status in ['CANCELLED', 'FAILED']; not rejection_reason. Implementation: recordActivity/views.py. Status note: This endpoint is not present in the supplied live API inventory, so it is marked Inactive for KT purposes."
,API,recordActivity/urls.py,drone-sprays/webhook/,"Endpoint: /api/v1/recordActivity/drone-sprays/webhook/; Handler: views.DroneSprayWebhook.as_view(); Methods: POST Technical details: extends APIView. implements POST handlers. permissions: [AllowAny]. reads request.FILES, request.POST, request.data. saves model instances; uses an atomic transaction. explicit conditions include: not reference_id; activity.status == 'COMPLETED'; geojson_file; area_sprayed_from_webhook; executed_at. implementation: recordActivity/views.py.",Inactive,,,"Business Logic: This API is used to manage drone-spray bookings, execution, status, or related records. Authorization: AllowAny. Data flow: persists updates to model instances, uses an atomic transaction for consistency. Key business/validation rules documented in the KT: not reference_id; activity.status == 'COMPLETED'; geojson_file; area_sprayed_from_webhook; executed_at. Implementation: recordActivity/views.py. Status note: This endpoint is not present in the supplied live API inventory, so it is marked Inactive for KT purposes."
sponsor,Module Itself,,sponsor,,Active,,,
,API,sponsor/urls.py,get-sponsored-farmer,"Endpoint: /api/v1/sponsor/get-sponsored-farmer; Handler: views.GetSponsoredFarmer.as_view(); Methods: GET Technical details: extends APIView, PageNumberPagination. implements GET handlers. declares queryset: self.get_queryset(...). authentication: [CustomTokenAuthentication]. permissions: [IsAuthenticated]. paginates results; returns paginated results. explicit conditions include: page. implementation: sponsor/views.py.",Active,,,Business Logic: This API is used to manage or retrieve sponsored-farmer information. Authentication: CustomTokenAuthentication. Authorization: IsAuthenticated. Data flow: supports paginated result retrieval. Key business/validation rules documented in the KT: page. Implementation: sponsor/views.py. Live API inventory reference: getSponsorFarmerUrl.
,API,sponsor/urls.py,get-sponsored-organization,"Endpoint: /api/v1/sponsor/get-sponsored-organization; Handler: views.GetOrganizationFarmer.as_view(); Methods: GET Technical details: extends APIView, PageNumberPagination. implements GET handlers. declares queryset: self.get_queryset(...). authentication: [CustomTokenAuthentication]. permissions: [IsAuthenticated]. filters querysets; paginates results; returns paginated results. explicit conditions include: page. implementation: sponsor/views.py.",Inactive,,,"Business Logic: This API is used to manage or retrieve sponsored-farmer information. Authentication: CustomTokenAuthentication. Authorization: IsAuthenticated. Data flow: applies queryset/filtering rules, supports paginated result retrieval. Key business/validation rules documented in the KT: page. Implementation: sponsor/views.py. Status note: This endpoint is not present in the supplied live API inventory, so it is marked Inactive for KT purposes."
subscription_service,Module Itself,,subscription_service,,Active,,,
,API,subscription_service/urls.py,test-api/,"Endpoint: /api/v1/subscription_service/test-api/; Handler: views.TestFunction.as_view(); Methods: GET Technical details: extends APIView, SubscriptionRequiredMixin. implements GET handlers. authentication: [CustomTokenAuthentication]. permissions: [IsAuthenticated]. reads request.user. returns a DRF/Django response. explicit conditions include: not data['status']. implementation: subscription_service/views.py.",Inactive,,,"Business Logic: This API is used to manage subscription packages/services and coupon eligibility. Authentication: CustomTokenAuthentication. Authorization: IsAuthenticated. Data flow: uses the authenticated user context. Key business/validation rules documented in the KT: not data['status']. Implementation: subscription_service/views.py. Status note: This endpoint is not present in the supplied live API inventory, so it is marked Inactive for KT purposes."
,API,subscription_service/urls.py,get-subscription/,"Endpoint: /api/v1/subscription_service/get-subscription/; Handler: views.GetSubscription.as_view(); Methods: GET Technical details: extends APIView. implements GET handlers. authentication: [CustomTokenAuthentication]. permissions: [IsAuthenticated]. reads request.GET, request.user. filters querysets. returns a DRF/Django response. explicit conditions include: userid; userid; not subscription_trial; trial_serializer; serialized. implementation: subscription_service/views.py.",Active,,,"Business Logic: This API is used to manage subscription packages/services and coupon eligibility. Authentication: CustomTokenAuthentication. Authorization: IsAuthenticated. Data flow: applies queryset/filtering rules, reads query parameters. Key business/validation rules documented in the KT: userid; userid; not subscription_trial; trial_serializer; serialized. Implementation: subscription_service/views.py. Live API inventory reference: getPackageUrl."
,API,subscription_service/urls.py,get-service/,Endpoint: /api/v1/subscription_service/get-service/; Handler: views.GetServices.as_view(); Methods: GET Technical details: extends APIView. implements GET handlers. authentication: [CustomTokenAuthentication]. permissions: [IsAuthenticated]. filters querysets. explicit conditions include: serialized. implementation: subscription_service/views.py.,Inactive,,,"Business Logic: This API is used to manage subscription packages/services and coupon eligibility. Authentication: CustomTokenAuthentication. Authorization: IsAuthenticated. Data flow: applies queryset/filtering rules. Key business/validation rules documented in the KT: serialized. Implementation: subscription_service/views.py. Status note: This endpoint is not present in the supplied live API inventory, so it is marked Inactive for KT purposes."
,API,subscription_service/urls.py,get-service-user/,"Endpoint: /api/v1/subscription_service/get-service-user/; Handler: views.GetServicesUser.as_view(); Methods: GET Technical details: extends APIView. implements GET handlers. authentication: [CustomTokenAuthentication]. permissions: [IsAuthenticated]. reads request.GET, request.user. filters querysets. explicit conditions include: farmer_id; is_admin and (not farmer_id); farmer_id; farmer_id; serialized. implementation: subscription_service/views.py.",Active,,,"Business Logic: This API is used to manage subscription packages/services and coupon eligibility. Authentication: CustomTokenAuthentication. Authorization: IsAuthenticated. Data flow: applies queryset/filtering rules, reads query parameters. Key business/validation rules documented in the KT: farmer_id; is_admin and (not farmer_id); farmer_id; farmer_id; serialized. Implementation: subscription_service/views.py. Live API inventory reference: userSubscriptionServices."
,API,subscription_service/urls.py,verify-coupon/,Endpoint: /api/v1/subscription_service/verify-coupon/; Handler: views.VerifyCoupon.as_view(); Methods: POST Technical details: extends APIView. implements POST handlers. authentication: [CustomTokenAuthentication]. permissions: [IsAuthenticated]. reads request.user. filters querysets. explicit conditions include: not check; check2; check.type == 'fpo' and request.user.user_role.role_name.lower() != 'admin'. implementation: subscription_service/views.py.,Active,,,"Business Logic: This API is used to manage subscription packages/services and coupon eligibility. Authentication: CustomTokenAuthentication. Authorization: IsAuthenticated. Data flow: applies queryset/filtering rules, uses the authenticated user context. Key business/validation rules documented in the KT: not check; check2; check.type == 'fpo' and request.user.user_role.role_name.lower() != 'admin'. Implementation: subscription_service/views.py. Live API inventory reference: getCouponUrl."
,API,subscription_service/urls.py,test-api/,"Endpoint: /api/v1/subscription_service/test-api/; Handler: views.TestFunction.as_view(); Methods: GET Technical details: extends APIView, SubscriptionRequiredMixin. implements GET handlers. authentication: [CustomTokenAuthentication]. permissions: [IsAuthenticated]. reads request.user. returns a DRF/Django response. explicit conditions include: not data['status']. implementation: subscription_service/views.py.",Inactive,,,"Business Logic: This API is used to manage subscription packages/services and coupon eligibility. Authentication: CustomTokenAuthentication. Authorization: IsAuthenticated. Data flow: uses the authenticated user context. Key business/validation rules documented in the KT: not data['status']. Implementation: subscription_service/views.py. Status note: This endpoint is not present in the supplied live API inventory, so it is marked Inactive for KT purposes."
survey,Module Itself,,survey,,Active,,,
,API,survey/urls.py,get-all-survey,"Endpoint: /api/v1/survey/get-all-survey; Handler: views.GetSurvey.as_view(); Methods: GET Technical details: extends APIView, PageNumberPagination. implements GET handlers. declares queryset: queryset.filter(...). authentication: [CustomTokenAuthentication]. permissions: [IsAuthenticated]. reads request.user. paginates results; returns paginated results. explicit conditions include: status and status == 'available'; page; status. implementation: survey/views.py.",Active,,,"Business Logic: This API is used to retrieve, create, or manage survey definitions and farmer survey responses. Authentication: CustomTokenAuthentication. Authorization: IsAuthenticated. Data flow: supports paginated result retrieval, uses the authenticated user context. Key business/validation rules documented in the KT: status and status == 'available'; page; status. Implementation: survey/views.py. Live API inventory reference: surveyListURL."
,API,survey/urls.py,save-survey/<surveyid>/,Endpoint: /api/v1/survey/save-survey/<surveyid>/; Handler: views.SurveySubmitView.as_view(); Methods: GET Technical details: extends APIView. implements GET handlers. reads request.GET. filters querysets. explicit conditions include: survey. implementation: survey/views.py.,Inactive,,,"Business Logic: This API is used to retrieve, create, or manage survey definitions and farmer survey responses. Data flow: applies queryset/filtering rules, reads query parameters. Key business/validation rules documented in the KT: survey. Implementation: survey/views.py. Status note: This endpoint is not present in the supplied live API inventory, so it is marked Inactive for KT purposes."
,API,survey/urls.py,create-survey,Endpoint: /api/v1/survey/create-survey; Handler: views.CreateSurvey.as_view(); Methods: POST Technical details: extends APIView. implements POST handlers. authentication: [CustomTokenAuthentication]. permissions: [IsAuthenticated]. reads request.user. creates model records; filters querysets. explicit conditions include: 'survey_id' in data.keys(); 'latitude' in data.keys(); 'longitude' in data.keys(); not survey_id; survey.is_multiple_allowed. implementation: survey/views.py.,Active,,,"Business Logic: This API is used to retrieve, create, or manage survey definitions and farmer survey responses. Authentication: CustomTokenAuthentication. Authorization: IsAuthenticated. Data flow: creates the required database records, applies queryset/filtering rules, uses the authenticated user context. Key business/validation rules documented in the KT: 'survey_id' in data.keys(); 'latitude' in data.keys(); 'longitude' in data.keys(); not survey_id; survey.is_multiple_allowed. Implementation: survey/views.py. Live API inventory reference: updateSurveyDetails."
,API,survey/urls.py,create-survey-web,"Endpoint: /api/v1/survey/create-survey-web; Handler: views.CreateSurveyWeb.as_view(); Methods: POST Technical details: extends APIView. implements POST handlers. authentication: [CustomTokenAuthentication]. permissions: [IsAuthenticated]. reads request.FILES, request.POST, request.user. creates model records; filters querysets. explicit conditions include: not survey_id; survey.is_multiple_allowed. implementation: survey/views.py.",Inactive,,,"Business Logic: This API is used to retrieve, create, or manage survey definitions and farmer survey responses. Authentication: CustomTokenAuthentication. Authorization: IsAuthenticated. Data flow: creates the required database records, applies queryset/filtering rules. Key business/validation rules documented in the KT: not survey_id; survey.is_multiple_allowed. Implementation: survey/views.py. Status note: This endpoint is not present in the supplied live API inventory, so it is marked Inactive for KT purposes."
,API,survey/urls.py,get-user-survey-details,Endpoint: /api/v1/survey/get-user-survey-details; Handler: views.GetUserSurveyData.as_view(); Methods: GET Technical details: extends APIView. implements GET handlers. authentication: [CustomTokenAuthentication]. permissions: [IsAuthenticated]. reads request.user. implementation: survey/views.py.,Active,,,"Business Logic: This API is used to retrieve, create, or manage survey definitions and farmer survey responses. Authentication: CustomTokenAuthentication. Authorization: IsAuthenticated. Data flow: uses the authenticated user context. Implementation: survey/views.py. Live API inventory reference: surveyUserDetailsURL."
verification,Module Itself,,verification,,Active,,,
,API,verification/urls.py,pan-verify/,Endpoint: /api/v1/verification/pan-verify/; Handler: views.Pan.as_view(); Methods: POST Technical details: extends APIView. implements POST handlers. authentication: [CustomTokenAuthentication]. permissions: [IsAuthenticated]. reads request.POST. returns a DRF/Django response. explicit conditions include: not validation.is_valid(); len(response) > 0; response_pan. implementation: verification/views.py.,Inactive,,,"Business Logic: This API is used to perform KYC, identity, organization, or verification workflow. Authentication: CustomTokenAuthentication. Authorization: IsAuthenticated. Key business/validation rules documented in the KT: not validation.is_valid(); len(response) > 0; response_pan. Implementation: verification/views.py. Status note: This endpoint is not present in the supplied live API inventory, so it is marked Inactive for KT purposes."
,API,verification/urls.py,verify-token/,Endpoint: /api/v1/verification/verify-token/; Handler: views.Verify.as_view(); Methods: GET Technical details: extends APIView. implements GET handlers. authentication: [CustomTokenAuthentication]. permissions: [IsAuthenticated]. returns a DRF/Django response. implementation: verification/views.py.,Inactive,,,"Business Logic: This API is used to perform KYC, identity, organization, or verification workflow. Authentication: CustomTokenAuthentication. Authorization: IsAuthenticated. Implementation: verification/views.py. Status note: This endpoint is not present in the supplied live API inventory, so it is marked Inactive for KT purposes."
,API,verification/urls.py,pan-create/,"Endpoint: /api/v1/verification/pan-create/; Handler: views.PanCreate.as_view(); Methods: POST Technical details: extends APIView. implements POST handlers. authentication: [CustomTokenAuthentication]. permissions: [IsAuthenticated]. references models.Document, models.PanVerifcation, models.organizations. reads request.user. filters querysets. returns a DRF/Django response. explicit conditions include: not validation.is_valid(); not data['bd_email']; pan_user. implementation: verification/views.py.",Inactive,,,"Business Logic: This API is used to perform KYC, identity, organization, or verification workflow. Authentication: CustomTokenAuthentication. Authorization: IsAuthenticated. Data flow: applies queryset/filtering rules, uses the authenticated user context. Key business/validation rules documented in the KT: not validation.is_valid(); not data['bd_email']; pan_user. Implementation: verification/views.py. Status note: This endpoint is not present in the supplied live API inventory, so it is marked Inactive for KT purposes."
,API,verification/urls.py,pan-form-view/,"Endpoint: /api/v1/verification/pan-form-view/; Handler: views.PanSubmitView.as_view(); Methods: GET Technical details: extends APIView. implements GET handlers. references models.BDProfin, models.Document. reads request.GET. filters querysets. implementation: verification/views.py.",Inactive,,,"Business Logic: This API is used to perform KYC, identity, organization, or verification workflow. Data flow: applies queryset/filtering rules, reads query parameters. Implementation: verification/views.py. Status note: This endpoint is not present in the supplied live API inventory, so it is marked Inactive for KT purposes."
,API,verification/urls.py,pan-url/,Endpoint: /api/v1/verification/pan-url/; Handler: views.PanUrl.as_view(); Methods: GET Technical details: extends APIView. implements GET handlers. authentication: [CustomTokenAuthentication]. permissions: [IsAuthenticated]. returns a DRF/Django response. implementation: verification/views.py.,Active,,,"Business Logic: This API is used to perform KYC, identity, organization, or verification workflow. Authentication: CustomTokenAuthentication. Authorization: IsAuthenticated. Implementation: verification/views.py. Live API inventory reference: verifyPanFromViewUrl."
,API,verification/urls.py,digilocker-url/,Endpoint: /api/v1/verification/digilocker-url/; Handler: views.DigiLockerUrlCreation.as_view(); Methods: GET Technical details: extends APIView. implements GET handlers. authentication: [CustomTokenAuthentication]. permissions: [IsAuthenticated]. reads request.user. retrieves model records. returns a DRF/Django response. explicit conditions include: user_id; not user. implementation: verification/views.py.,Active,,,"Business Logic: This API is used to perform KYC, identity, organization, or verification workflow. Authentication: CustomTokenAuthentication. Authorization: IsAuthenticated. Data flow: retrieves existing records, uses the authenticated user context. Key business/validation rules documented in the KT: user_id; not user. Implementation: verification/views.py. Live API inventory reference: verifyDigitalLockerUrl."
,API,verification/urls.py,digilocker-url-user/<int:user_id>/,Endpoint: /api/v1/verification/digilocker-url-user/<int:user_id>/; Handler: views.DigiLockerUrlCreation.as_view(); Methods: GET Technical details: extends APIView. implements GET handlers. authentication: [CustomTokenAuthentication]. permissions: [IsAuthenticated]. reads request.user. retrieves model records. returns a DRF/Django response. explicit conditions include: user_id; not user. implementation: verification/views.py.,Inactive,,,"Business Logic: This API is used to perform KYC, identity, organization, or verification workflow. Authentication: CustomTokenAuthentication. Authorization: IsAuthenticated. Data flow: retrieves existing records, uses the authenticated user context. Key business/validation rules documented in the KT: user_id; not user. Implementation: verification/views.py. Status note: This endpoint is not present in the supplied live API inventory, so it is marked Inactive for KT purposes."
,API,verification/urls.py,digilocker-eadhar/,Endpoint: /api/v1/verification/digilocker-eadhar/; Handler: views.DigiLockerGetEAdhar.as_view(); Methods: POST Technical details: extends APIView. implements POST handlers. authentication: [CustomTokenAuthentication]. permissions: [IsAuthenticated]. references models.AdharVerifcation. reads request.user. returns a DRF/Django response. explicit conditions include: not validation.is_valid(); json_res; data; 'error' in json_res.keys(). implementation: verification/views.py.,Active,,,"Business Logic: This API is used to perform KYC, identity, organization, or verification workflow. Authentication: CustomTokenAuthentication. Authorization: IsAuthenticated. Data flow: uses the authenticated user context. Key business/validation rules documented in the KT: not validation.is_valid(); json_res; data; 'error' in json_res.keys(). Implementation: verification/views.py. Live API inventory reference: verifyDigitalLockerEAadharUrl."
,API,verification/urls.py,gstin-pan/,"Endpoint: /api/v1/verification/gstin-pan/; Handler: views.GetGSTByPAN.as_view(); Methods: GET, POST Technical details: extends APIView. implements GET, POST handlers. authentication: [CustomTokenAuthentication]. permissions: [IsAuthenticated]. references models.GSTData, models.PanVerifcation. reads request.user. retrieves model records. returns a DRF/Django response. explicit conditions include: panData; not validation.is_valid(); data; 'error' in response.keys(). implementation: verification/views.py.",Active,,,"Business Logic: This API is used to perform KYC, identity, organization, or verification workflow. Authentication: CustomTokenAuthentication. Authorization: IsAuthenticated. Data flow: retrieves existing records, uses the authenticated user context. Key business/validation rules documented in the KT: panData; not validation.is_valid(); data; 'error' in response.keys(). Implementation: verification/views.py. Live API inventory reference: verifyGSTPan."
,API,verification/urls.py,get-verification-status/,Endpoint: /api/v1/verification/get-verification-status/; Handler: views.GetVerificationStatus.as_view(); Methods: GET Technical details: extends APIView. implements GET handlers. authentication: [CustomTokenAuthentication]. permissions: [IsAuthenticated]. reads request.user. retrieves model records. invokes serializer classes or serializer validation. returns a DRF/Django response. explicit conditions include: user_id; not user; serialized; user.otp_verfied. implementation: verification/views.py.,Active,,,"Business Logic: This API is used to perform KYC, identity, organization, or verification workflow. Authentication: CustomTokenAuthentication. Authorization: IsAuthenticated. Data flow: retrieves existing records, uses serializer validation/serialization, uses the authenticated user context. Key business/validation rules documented in the KT: user_id; not user; serialized; user.otp_verfied. Implementation: verification/views.py. Live API inventory reference: verificationStatusUrl."
,API,verification/urls.py,get-verification-status-user-id/<int:user_id>/,Endpoint: /api/v1/verification/get-verification-status-user-id/<int:user_id>/; Handler: views.GetVerificationStatus.as_view(); Methods: GET Technical details: extends APIView. implements GET handlers. authentication: [CustomTokenAuthentication]. permissions: [IsAuthenticated]. reads request.user. retrieves model records. invokes serializer classes or serializer validation. returns a DRF/Django response. explicit conditions include: user_id; not user; serialized; user.otp_verfied. implementation: verification/views.py.,Inactive,,,"Business Logic: This API is used to perform KYC, identity, organization, or verification workflow. Authentication: CustomTokenAuthentication. Authorization: IsAuthenticated. Data flow: retrieves existing records, uses serializer validation/serialization, uses the authenticated user context. Key business/validation rules documented in the KT: user_id; not user; serialized; user.otp_verfied. Implementation: verification/views.py. Status note: This endpoint is not present in the supplied live API inventory, so it is marked Inactive for KT purposes."
,API,verification/urls.py,get-user-journey/,Endpoint: /api/v1/verification/get-user-journey/; Handler: views.GetUserJourney.as_view(); Methods: GET Technical details: extends APIView. implements GET handlers. authentication: [CustomTokenAuthentication]. permissions: [IsAuthenticated]. references models.UnsecureLoanStep. reads request.user. filters querysets. invokes serializer classes or serializer validation. returns a DRF/Django response. explicit conditions include: serialized. implementation: verification/views.py.,Active,,,"Business Logic: This API is used to perform KYC, identity, organization, or verification workflow. Authentication: CustomTokenAuthentication. Authorization: IsAuthenticated. Data flow: applies queryset/filtering rules, uses serializer validation/serialization, uses the authenticated user context. Key business/validation rules documented in the KT: serialized. Implementation: verification/views.py. Live API inventory reference: userLoanJourneyDataUrl."
,API,verification/urls.py,verify-adhar/<type>/<userid>/<director>/<verified_by_id>/,"Endpoint: /api/v1/verification/verify-adhar/<type>/<userid>/<director>/<verified_by_id>/; Handler: views.UploadAdharData.as_view(); Methods: POST Technical details: extends APIView. implements POST handlers. references models.AdharVerifcation, models.OrganizationConsolidationDirector. reads request.data. filters querysets. returns a DRF/Django response. explicit conditions include: type == 'director'; type == 'user'; data['status'] == 'success'; name.lower() != user.full_name.lower(). implementation: verification/views.py.",Inactive,,,"Business Logic: This API is used to perform KYC, identity, organization, or verification workflow. Data flow: applies queryset/filtering rules, reads submitted request payload data. Key business/validation rules documented in the KT: type == 'director'; type == 'user'; data['status'] == 'success'; name.lower() != user.full_name.lower(). Implementation: verification/views.py. Status note: This endpoint is not present in the supplied live API inventory, so it is marked Inactive for KT purposes."
,API,verification/urls.py,get-cibil/,"Endpoint: /api/v1/verification/get-cibil/; Handler: views.CreateLoanLead.as_view(); Methods: GET Technical details: extends APIView. implements GET handlers. authentication: [CustomTokenAuthentication]. permissions: [IsAuthenticated]. references models.AdharVerifcation, models.GSTData, models.PanVerifcation, models.organizations. reads request.user. filters querysets. invokes serializer classes or serializer validation. explicit conditions include: pan_data_query is not None; adhardata_query is not None; gst_data_query is not None; compliance_query is not None; not bd_email or bd_email == ''. implementation: verification/views.py.",Active,,,"Business Logic: This API is used to perform or retrieve credit/CIBIL-related checks and reports. Authentication: CustomTokenAuthentication. Authorization: IsAuthenticated. Data flow: applies queryset/filtering rules, uses serializer validation/serialization, uses the authenticated user context. Key business/validation rules documented in the KT: pan_data_query is not None; adhardata_query is not None; gst_data_query is not None; compliance_query is not None; not bd_email or bd_email == ''. Implementation: verification/views.py. Live API inventory reference: getCibilCheckUrl."
,API,verification/urls.py,director-verify/,"Endpoint: /api/v1/verification/director-verify/; Handler: views.ViewForDirectorVerification.as_view(); Methods: GET, POST Technical details: extends APIView. implements GET, POST handlers. references models.OrganizationConsolidationDirector, models.PanVerifcation. reads request.data. creates model records; filters querysets; saves model instances. returns a DRF/Django response. explicit conditions include: not ids; len(directors_pan) < 1; i < ids_count; addr['flag']; 'fatherName' in pan_data[i]['response']['result'].keys(). implementation: verification/views.py.",Active,,,"Business Logic: This API is used to perform KYC, identity, organization, or verification workflow. Data flow: creates the required database records, applies queryset/filtering rules, persists updates to model instances, reads submitted request payload data. Key business/validation rules documented in the KT: not ids; len(directors_pan) < 1; i < ids_count; addr['flag']; 'fatherName' in pan_data[i]['response']['result'].keys(). Implementation: verification/views.py. Live API inventory reference: verifyDirectorsURL."
,API,verification/urls.py,director-verify-cibil/,Endpoint: /api/v1/verification/director-verify-cibil/; Handler: views.ViewForDirectorCibil.as_view(); Methods: GET Technical details: extends APIView. implements GET handlers. implementation: verification/views.py.,Active,,,Business Logic: This API is used to perform or retrieve credit/CIBIL-related checks and reports. Implementation: verification/views.py. Live API inventory reference: getDirectorDetailsUrl.
,API,verification/urls.py,verify-adhar-completed/,Endpoint: /api/v1/verification/verify-adhar-completed/; Handler: views.VerifyAdharCompleted.as_view(); Methods: GET Technical details: extends APIView. implements GET handlers. returns a DRF/Django response. implementation: verification/views.py.,Inactive,,,"Business Logic: This API is used to perform KYC, identity, organization, or verification workflow. Implementation: verification/views.py. Status note: This endpoint is not present in the supplied live API inventory, so it is marked Inactive for KT purposes."
,API,verification/urls.py,delete-director/,Endpoint: /api/v1/verification/delete-director/; Handler: views.DeleteDirector.as_view(); Methods: POST Technical details: extends APIView. implements POST handlers. references models.OrganizationConsolidationDirector. reads request.POST. filters querysets. returns a DRF/Django response. implementation: verification/views.py.,Inactive,,,"Business Logic: This API is used to perform KYC, identity, organization, or verification workflow. Data flow: applies queryset/filtering rules. Implementation: verification/views.py. Status note: This endpoint is not present in the supplied live API inventory, so it is marked Inactive for KT purposes."
,API,verification/urls.py,get-digio-template/,Endpoint: /api/v1/verification/get-digio-template/; Handler: views.GetTemplate.as_view(); Methods: GET Technical details: extends APIView. implements GET handlers. authentication: [CustomTokenAuthentication]. permissions: [IsAuthenticated]. references models.TemplateData. reads request.user. invokes serializer classes or serializer validation. returns a DRF/Django response. explicit conditions include: request.user.organization; data. implementation: verification/views.py.,Active,,,"Business Logic: This API is used to perform KYC, identity, organization, or verification workflow. Authentication: CustomTokenAuthentication. Authorization: IsAuthenticated. Data flow: uses serializer validation/serialization, uses the authenticated user context. Key business/validation rules documented in the KT: request.user.organization; data. Implementation: verification/views.py. Live API inventory reference: digioDataUrl."
,API,verification/urls.py,get-digio-files/<docid>,"Endpoint: /api/v1/verification/get-digio-files/<docid>; Handler: views.DownloadDoc.as_view(); Methods: POST Technical details: extends APIView. implements POST handlers. authentication: [CustomTokenAuthentication]. permissions: [IsAuthenticated]. references models.OrganizationKeyValues, models.TemplateData. reads request.user. filters querysets. invokes serializer classes or serializer validation. returns a DRF/Django response. explicit conditions include: not template; request.user.organization; key_data; serialized; i.key in key_value.keys(). implementation: verification/views.py.",Inactive,,,"Business Logic: This API is used to perform KYC, identity, organization, or verification workflow. Authentication: CustomTokenAuthentication. Authorization: IsAuthenticated. Data flow: applies queryset/filtering rules, uses serializer validation/serialization, uses the authenticated user context. Key business/validation rules documented in the KT: not template; request.user.organization; key_data; serialized; i.key in key_value.keys(). Implementation: verification/views.py. Status note: This endpoint is not present in the supplied live API inventory, so it is marked Inactive for KT purposes."
,API,verification/urls.py,get-digio-files,"Endpoint: /api/v1/verification/get-digio-files; Handler: views.DownloadAllDoc.as_view(); Methods: POST Technical details: extends APIView. implements POST handlers. authentication: [CustomTokenAuthentication]. permissions: [IsAuthenticated]. references models.OrganizationKeyValues, models.TemplateData. reads request.GET, request.user. filters querysets. invokes serializer classes or serializer validation. returns a DRF/Django response. explicit conditions include: not type_value; type_value == 'other'; not template; count == 0; organization_user. implementation: verification/views.py.",Inactive,,,"Business Logic: This API is used to perform KYC, identity, organization, or verification workflow. Authentication: CustomTokenAuthentication. Authorization: IsAuthenticated. Data flow: applies queryset/filtering rules, uses serializer validation/serialization, reads query parameters. Key business/validation rules documented in the KT: not type_value; type_value == 'other'; not template; count == 0; organization_user. Implementation: verification/views.py. Status note: This endpoint is not present in the supplied live API inventory, so it is marked Inactive for KT purposes."
,API,verification/urls.py,generate-doc,Endpoint: /api/v1/verification/generate-doc; Handler: views.GenerateDoc.as_view(); Methods: POST Technical details: extends APIView. implements POST handlers. authentication: [CustomTokenAuthentication]. permissions: [IsAuthenticated]. reads request.user. returns a DRF/Django response. explicit conditions include: request.user.organization. implementation: verification/views.py.,Active,,,"Business Logic: This API is used to perform KYC, identity, organization, or verification workflow. Authentication: CustomTokenAuthentication. Authorization: IsAuthenticated. Data flow: uses the authenticated user context. Key business/validation rules documented in the KT: request.user.organization. Implementation: verification/views.py. Live API inventory reference: generateDocUrl."
,API,verification/urls.py,check-generation-doc,Endpoint: /api/v1/verification/check-generation-doc; Handler: views.CheckIfDataCreated.as_view(); Methods: GET Technical details: extends APIView. implements GET handlers. authentication: [CustomTokenAuthentication]. permissions: [IsAuthenticated]. references models.OrganizationKeyValues. reads request.user. filters querysets. returns a DRF/Django response. explicit conditions include: request.user.organization; key_data and key_data.is_completed. implementation: verification/views.py.,Active,,,"Business Logic: This API is used to perform KYC, identity, organization, or verification workflow. Authentication: CustomTokenAuthentication. Authorization: IsAuthenticated. Data flow: applies queryset/filtering rules, uses the authenticated user context. Key business/validation rules documented in the KT: request.user.organization; key_data and key_data.is_completed. Implementation: verification/views.py. Live API inventory reference: statusGenerateDocaUrl."
,API,verification/urls.py,upload-digio-files/<docid>,"Endpoint: /api/v1/verification/upload-digio-files/<docid>; Handler: views.UploadDocForTemplate.as_view(); Methods: POST Technical details: extends APIView. implements POST handlers. authentication: [CustomTokenAuthentication]. permissions: [IsAuthenticated]. references models.OrganizationTemplate, models.TemplateData. reads request.FILES, request.user. filters querysets. returns a DRF/Django response. explicit conditions include: not template; file; file_url and organization. implementation: verification/views.py.",Inactive,,,"Business Logic: This API is used to perform KYC, identity, organization, or verification workflow. Authentication: CustomTokenAuthentication. Authorization: IsAuthenticated. Data flow: applies queryset/filtering rules. Key business/validation rules documented in the KT: not template; file; file_url and organization. Implementation: verification/views.py. Status note: This endpoint is not present in the supplied live API inventory, so it is marked Inactive for KT purposes."
,API,verification/urls.py,verify-consolidation/,"Endpoint: /api/v1/verification/verify-consolidation/; Handler: views.GetConsolidateData.as_view(); Methods: GET Technical details: extends APIView. implements GET handlers. references models.OrganizationConsolidationDirector, models.PanVerifcation. reads request.user. retrieves model records; saves model instances. invokes serializer classes or serializer validation. returns a DRF/Django response. explicit conditions include: panData; not panData.cin_number; 'error' in consolidated.keys(); 'requestId' in consolidated['result'].keys(); 'companyData' in consolidated['result'].keys(). implementation: verification/views.py.",Inactive,,,"Business Logic: This API is used to perform KYC, identity, organization, or verification workflow. Data flow: retrieves existing records, persists updates to model instances, uses serializer validation/serialization, uses the authenticated user context. Key business/validation rules documented in the KT: panData; not panData.cin_number; 'error' in consolidated.keys(); 'requestId' in consolidated['result'].keys(); 'companyData' in consolidated['result'].keys(). Implementation: verification/views.py. Status note: This endpoint is not present in the supplied live API inventory, so it is marked Inactive for KT purposes."
,API,verification/urls.py,check-if-lead/,Endpoint: /api/v1/verification/check-if-lead/; Handler: views.GetPanVerificationDetails.as_view(); Methods: GET Technical details: extends APIView. implements GET handlers. authentication: [CustomTokenAuthentication]. permissions: [IsAuthenticated]. references models.PanVerifcation. reads request.user. filters querysets. returns a DRF/Django response. explicit conditions include: data; isbank_uploaded > 0. implementation: verification/views.py.,Active,,,"Business Logic: This API is used to perform KYC, identity, organization, or verification workflow. Authentication: CustomTokenAuthentication. Authorization: IsAuthenticated. Data flow: applies queryset/filtering rules, uses the authenticated user context. Key business/validation rules documented in the KT: data; isbank_uploaded > 0. Implementation: verification/views.py. Live API inventory reference: getCheckBusinessLead."
,API,verification/urls.py,verify-logic,"Endpoint: /api/v1/verification/verify-logic; Handler: views.VerifyLogic.as_view(); Methods: POST Technical details: extends APIView. implements POST handlers. authentication: [CustomTokenAuthentication]. permissions: [IsAuthenticated]. references models.OrganizationConsolidationDirector, models.PanVerifcation. reads request.data, request.user. filters querysets; saves model instances. explicit conditions include: result_data['status']; individual_flag > 0; businesscibil and float(businesscibil) <= float(allowedbusinessCibil.value); dpd_fail == 0 and dpd_status > 0; write_off_fail == 0 and write_off_status > 0. implementation: verification/views.py.",Active,,,"Business Logic: This API is used to perform KYC, identity, organization, or verification workflow. Authentication: CustomTokenAuthentication. Authorization: IsAuthenticated. Data flow: applies queryset/filtering rules, persists updates to model instances, reads submitted request payload data. Key business/validation rules documented in the KT: result_data['status']; individual_flag > 0; businesscibil and float(businesscibil) <= float(allowedbusinessCibil.value); dpd_fail == 0 and dpd_status > 0; write_off_fail == 0 and write_off_status > 0. Implementation: verification/views.py. Live API inventory reference: getVerifyLogic."
,API,verification/urls.py,upload-bank-statement,"Endpoint: /api/v1/verification/upload-bank-statement; Handler: views.UploadBankStatement.as_view(); Methods: POST Technical details: extends APIView. implements POST handlers. authentication: [CustomTokenAuthentication]. permissions: [IsAuthenticated]. references models.PanVerifcation. reads request.data, request.user. filters querysets; saves model instances. explicit conditions include: 'leadid' not in data.keys(); not bank_statement_instance; not bank_statement_path; compliance_query. implementation: verification/views.py.",Active,,,"Business Logic: This API is used to perform KYC, identity, organization, or verification workflow. Authentication: CustomTokenAuthentication. Authorization: IsAuthenticated. Data flow: applies queryset/filtering rules, persists updates to model instances, reads submitted request payload data. Key business/validation rules documented in the KT: 'leadid' not in data.keys(); not bank_statement_instance; not bank_statement_path; compliance_query. Implementation: verification/views.py. Live API inventory reference: getUploadBankStatementUpdateUrl."
,API,verification/urls.py,adhar-send-otp,Endpoint: /api/v1/verification/adhar-send-otp; Handler: views.AdharSendOTP.as_view(); Methods: POST Technical details: extends APIView. implements POST handlers. authentication: [CustomTokenAuthentication]. permissions: [IsAuthenticated]. reads request.data. explicit conditions include: not validation.is_valid(). implementation: verification/views.py.,Active,,,"Business Logic: This API is used to perform KYC, identity, organization, or verification workflow. Authentication: CustomTokenAuthentication. Authorization: IsAuthenticated. Data flow: reads submitted request payload data. Key business/validation rules documented in the KT: not validation.is_valid(). Implementation: verification/views.py. Live API inventory reference: aadharSendOTP."
,API,verification/urls.py,adhar-otp-verify,"Endpoint: /api/v1/verification/adhar-otp-verify; Handler: views.AdharOTPVerify.as_view(); Methods: POST Technical details: extends APIView. implements POST handlers. authentication: [CustomTokenAuthentication]. permissions: [IsAuthenticated]. references models.AdharVerifcation. reads request.data, request.user. filters querysets. explicit conditions include: not validation.is_valid(); not user_id; 'data' in response.keys() and response['statusCode'] == 200; 'error' in response.keys(); name and name.lower() != user.full_name.lower(). implementation: verification/views.py.",Active,,,"Business Logic: This API is used to perform KYC, identity, organization, or verification workflow. Authentication: CustomTokenAuthentication. Authorization: IsAuthenticated. Data flow: applies queryset/filtering rules, reads submitted request payload data. Key business/validation rules documented in the KT: not validation.is_valid(); not user_id; 'data' in response.keys() and response['statusCode'] == 200; 'error' in response.keys(); name and name.lower() != user.full_name.lower(). Implementation: verification/views.py. Live API inventory reference: aadharVerifyOTP."
,API,verification/urls.py,adhar-otp-verify/<user_id>,"Endpoint: /api/v1/verification/adhar-otp-verify/<user_id>; Handler: views.AdharOTPVerify.as_view(); Methods: POST Technical details: extends APIView. implements POST handlers. authentication: [CustomTokenAuthentication]. permissions: [IsAuthenticated]. references models.AdharVerifcation. reads request.data, request.user. filters querysets. explicit conditions include: not validation.is_valid(); not user_id; 'data' in response.keys() and response['statusCode'] == 200; 'error' in response.keys(); name and name.lower() != user.full_name.lower(). implementation: verification/views.py.",Inactive,,,"Business Logic: This API is used to perform KYC, identity, organization, or verification workflow. Authentication: CustomTokenAuthentication. Authorization: IsAuthenticated. Data flow: applies queryset/filtering rules, reads submitted request payload data. Key business/validation rules documented in the KT: not validation.is_valid(); not user_id; 'data' in response.keys() and response['statusCode'] == 200; 'error' in response.keys(); name and name.lower() != user.full_name.lower(). Implementation: verification/views.py. Status note: This endpoint is not present in the supplied live API inventory, so it is marked Inactive for KT purposes."
,API,verification/urls.py,adhar-image-verify,"Endpoint: /api/v1/verification/adhar-image-verify; Handler: views.AdharVerificationByImage.as_view(); Methods: POST Technical details: extends APIView. implements POST handlers. authentication: [CustomTokenAuthentication]. permissions: [IsAuthenticated]. references models.AdharVerifcation. reads request.FILES, request.data, request.user. filters querysets. explicit conditions include: not validation.is_valid(); not user_id; not front_img or not back_img; front_img not in adhar_imgs.keys() and back_img not in adhar_imgs.keys(); aadhaar_data.get('response').get('result').get('validBackAndFront') == True. implementation: verification/views.py.",Active,,,"Business Logic: This API is used to perform KYC, identity, organization, or verification workflow. Authentication: CustomTokenAuthentication. Authorization: IsAuthenticated. Data flow: applies queryset/filtering rules. Key business/validation rules documented in the KT: not validation.is_valid(); not user_id; not front_img or not back_img; front_img not in adhar_imgs.keys() and back_img not in adhar_imgs.keys(); aadhaar_data.get('response').get('result').get('validBackAndFront') == True. Implementation: verification/views.py. Live API inventory reference: aadharImageVerify."
,API,verification/urls.py,adhar-image-verify-single/,Endpoint: /api/v1/verification/adhar-image-verify-single/; Handler: views.AdharVerificationByImageSingle.as_view(); Methods: POST Technical details: extends APIView. implements POST handlers. authentication: [CustomTokenAuthentication]. permissions: [IsAuthenticated]. reads request.FILES. explicit conditions include: not front_aadhaar or not back_aadhaar; not aadhaar_data or 'success' not in aadhaar_data or (not aadhaar_data['success']). implementation: verification/views.py.,Active,,,"Business Logic: This API is used to perform KYC, identity, organization, or verification workflow. Authentication: CustomTokenAuthentication. Authorization: IsAuthenticated. Key business/validation rules documented in the KT: not front_aadhaar or not back_aadhaar; not aadhaar_data or 'success' not in aadhaar_data or (not aadhaar_data['success']). Implementation: verification/views.py. Live API inventory reference: aadharImageVerifyInsurance."
,API,verification/urls.py,adhar-image-verify/<user_id>,"Endpoint: /api/v1/verification/adhar-image-verify/<user_id>; Handler: views.AdharVerificationByImage.as_view(); Methods: POST Technical details: extends APIView. implements POST handlers. authentication: [CustomTokenAuthentication]. permissions: [IsAuthenticated]. references models.AdharVerifcation. reads request.FILES, request.data, request.user. filters querysets. explicit conditions include: not validation.is_valid(); not user_id; not front_img or not back_img; front_img not in adhar_imgs.keys() and back_img not in adhar_imgs.keys(); aadhaar_data.get('response').get('result').get('validBackAndFront') == True. implementation: verification/views.py.",Inactive,,,"Business Logic: This API is used to perform KYC, identity, organization, or verification workflow. Authentication: CustomTokenAuthentication. Authorization: IsAuthenticated. Data flow: applies queryset/filtering rules. Key business/validation rules documented in the KT: not validation.is_valid(); not user_id; not front_img or not back_img; front_img not in adhar_imgs.keys() and back_img not in adhar_imgs.keys(); aadhaar_data.get('response').get('result').get('validBackAndFront') == True. Implementation: verification/views.py. Status note: This endpoint is not present in the supplied live API inventory, so it is marked Inactive for KT purposes."
,API,verification/urls.py,boundary-update/,Endpoint name: boundary-update/; route declaration requires review Technical details: route declaration or handler could not be resolved from the current source.,Inactive,,,Handles POST requests: retrieves and filters records; reads request.data; branches on conditions such as task_id; task_status.
,API,verification/urls.py,esign-verify-callback,Endpoint: /api/v1/verification/esign-verify-callback; Handler: views.EsignCompleted.as_view(); Methods: GET Technical details: extends APIView. implements GET handlers. returns a DRF/Django response. implementation: verification/views.py.,Inactive,,,"Business Logic: This API is used to perform KYC, identity, organization, or verification workflow. Implementation: verification/views.py. Status note: This endpoint is not present in the supplied live API inventory, so it is marked Inactive for KT purposes."
,API,verification/urls.py,esign-contract-initiate,Endpoint: /api/v1/verification/esign-contract-initiate; Handler: views.SignzyInitiateContractAPIView.as_view(); Methods: POST Technical details: extends APIView. implements POST handlers. authentication: [CustomTokenAuthentication]. permissions: [IsAuthenticated]. reads request.data. returns a DRF/Django response. implementation: verification/views.py.,Inactive,,,"Business Logic: This API is used to perform KYC, identity, organization, or verification workflow. Authentication: CustomTokenAuthentication. Authorization: IsAuthenticated. Data flow: reads submitted request payload data. Implementation: verification/views.py. Status note: This endpoint is not present in the supplied live API inventory, so it is marked Inactive for KT purposes."
vision,Module Itself,,vision,,Active,,,
,API,vision/urls.py,khasra/,Endpoint: /api/v1/vision/khasra/; Handler: views.Khaitoni.as_view(); Methods: POST Technical details: extends APIView. implements POST handlers. reads request.data. saves model instances. returns a DRF/Django response. explicit conditions include: file_name.endswith('.pdf'); j == 'рдЦрддреМрдиреА.' or j == 'рдЦрддреМрдиреА'; j == 'рдЦрддреМрдиреАрди.' or j == 'рдЦрддреМрдиреА.рди.'. implementation: vision/views.py.,Inactive,,,"Business Logic: This API is used to support the corresponding application workflow described by the endpoint name and implementation. Data flow: persists updates to model instances, reads submitted request payload data. Key business/validation rules documented in the KT: file_name.endswith('.pdf'); j == '������������������������������.' or j == '������������������������������'; j == '������������������������������������.' or j == '������������������������������.������.'. Implementation: vision/views.py. Status note: This endpoint is not present in the supplied live API inventory, so it is marked Inactive for KT purposes."
webdashboard,Module Itself,,webdashboard,,Active,,,
,API,webdashboard/urls.py,''',Endpoint name: '''; route declaration requires review Technical details: route declaration or handler could not be resolved from the current source.,Inactive,,,"Business Logic: This API is used to support the corresponding application workflow described by the endpoint name and implementation. Status note: This endpoint is not present in the supplied live API inventory, so it is marked Inactive for KT purposes."
,API,webdashboard/urls.py,dasboard-withcsv/,Endpoint: /api/v1/webdashboard/dasboard-withcsv/; Handler: dashboard_view_csv; Methods: declared by view Technical details: handler dashboard_view_csv is declared in webdashboard/urls.py.,Inactive,,,"Business Logic: This API is used to provide dashboard/reporting data or export operational data. Status note: This endpoint is not present in the supplied live API inventory, so it is marked Inactive for KT purposes."
,API,webdashboard/urls.py,dasboard-farms-for-activity/,Endpoint: /api/v1/webdashboard/dasboard-farms-for-activity/; Handler: dashboard_farm_for_activity; Methods: declared by view Technical details: handler dashboard_farm_for_activity is declared in webdashboard/urls.py.,Inactive,,,"Business Logic: This API is used to manage or retrieve farmer farm-activity records and activity execution data. Status note: This endpoint is not present in the supplied live API inventory, so it is marked Inactive for KT purposes."
,API,webdashboard/urls.py,dasboard-activity-for-farm/,Endpoint: /api/v1/webdashboard/dasboard-activity-for-farm/; Handler: dashboard_activity_for_farm; Methods: declared by view Technical details: handler dashboard_activity_for_farm is declared in webdashboard/urls.py.,Inactive,,,"Business Logic: This API is used to manage or retrieve farmer farm-activity records and activity execution data. Status note: This endpoint is not present in the supplied live API inventory, so it is marked Inactive for KT purposes."
templates,Module Itself,,,,,,,
libraries,Module Itself,,,,,,,
,Files/Functions,ai_task_worker.py,,,,,,
,Files/Functions,aryaag.py,,,,,,
,Files/Functions,atms.py,,,,,,
,Files/Functions,axis_fund_client.py,,,,,,
,Files/Functions,calife.py,,,,,,
,Files/Functions,castler.py,,,,,,
,Files/Functions,celery_manager.py,,,,,,
,Files/Functions,celery_task.py,,,,,,
,Files/Functions,crop_price.py,,,,,,
,Files/Functions,decorators.py,,,,,,
,Files/Functions,doms.py,,,,,,
,Files/Functions,encryption_utils.py,,,,,,
,Files/Functions,firebase_helper.py,,,,,,
,Files/Functions,fyllo.py,,,,,,
,Files/Functions,gemini.py,,,,,,
,Files/Functions,internal_aadhar.py,,,,,,
,Files/Functions,neoperk_soil.py,,,,,,
,Files/Functions,noms.py,,,,,,
,Files/Functions,openai.py,,,,,,
,Files/Functions,prakshpedb.py,,,,,,
,Files/Functions,prithvi_pro.py,,,,,,
,Files/Functions,push_notification.py,,,,,,
,Files/Functions,soil_test.py,,,,,,
,Files/Functions,storage_temp.py,,,,,,
,Files/Functions,tag_social_post.py,,,,,,
,Files/Functions,video_ms.py,,,,,,